{"title":"Webexercises","markdown":{"yaml":{"title":"Webexercises","format":{"html":{"css":["webex.css"],"include-after-body":["webex.js"],"embed-resources":true}}},"headingText":"Uncomment to change widget colours:","containsRefs":false,"markdown":"\n\n```{r setup, include = FALSE}\nknitr::opts_chunk$set(echo = FALSE)\n\nlibrary(webexercises)\n```\n\n```{r, echo = FALSE, results='asis'}\n#style_widgets(incorrect = \"goldenrod\", correct = \"purple\", highlight = \"firebrick\")\n```\n\nThis is a Web Exercise template created by the [#PsyTeachR team at the University of Glasgow](https://psyteachr.github.io), based on ideas from [Software Carpentry](https://software-carpentry.org/lessons/). This template shows how instructors can easily create interactive web documents that students can use in self-guided learning.\n\nThe `{webexercises}` package provides a number of functions that you use in [inline R code](https://github.com/rstudio/cheatsheets/raw/main/rmarkdown.pdf) or through code chunk options to create HTML widgets (text boxes, pull down menus, buttons that reveal hidden content). Examples are given below. Render this file to HTML to see how it works.\n\n**NOTE: To use the widgets in the compiled HTML file, you need to have a JavaScript-enabled browser.**\n\n## Example Questions\n\n### Fill-In-The-Blanks (`fitb()`)\n\nCreate fill-in-the-blank questions using `fitb()`, providing the answer as the first argument.\n\n- 2 + 2 is `r fitb(4)`\n\nYou can also create these questions dynamically, using variables from your R session.\n\n```{r}\nx <- sample(2:8, 1)\n```\n\n- The square root of `r x^2` is: `r fitb(x)`\n\nThe blanks are case-sensitive; if you don't care about case, use the argument `ignore_case = TRUE`.\n\n- What is the letter after D? `r fitb(\"E\", ignore_case = TRUE)`\n\nIf you want to ignore differences in whitespace use, use the argument `ignore_ws = TRUE` (which is the default) and include spaces in your answer anywhere they could be acceptable.\n\n- How do you load the tidyverse package? `r fitb(c(\"library( tidyverse )\", \"library( \\\"tidyverse\\\" )\", \"library( 'tidyverse' )\"), ignore_ws = TRUE, width = \"20\")`\n\nYou can set more than one possible correct answer by setting the answers as a vector.\n\n- Type a vowel: `r fitb(c(\"A\", \"E\", \"I\", \"O\" , \"U\"), ignore_case = TRUE)`\n\nYou can use regular expressions to test answers against more complex rules.\n\n- Type any 3 letters: `r fitb(\"^[a-zA-Z]{3}$\", width = 3, regex = TRUE)`\n\n### Multiple Choice (`mcq()`)\n\n- \"Never gonna give you up, never gonna: `r mcq(c(\"let you go\", \"turn you down\", \"run away\", answer = \"let you down\"))`\"\n- \"I `r mcq(c(answer = \"bless the rains\", \"guess it rains\", \"sense the rain\"))` down in Africa\" -Toto\n\n### True or False (`torf()`)\n\n- True or False? You can permute values in a vector using `sample()`. `r torf(TRUE)`\n\n### Longer MCQs (`longmcq()`)\n\nWhen your answers are very long, sometimes a drop-down select box gets formatted oddly. You can use `longmcq()` to deal with this. Since the answers are long, It's probably best to set up the options inside an R chunk with `echo=FALSE`. \n\n**What is a p-value?**\n\n```{r}\nopts_p <- c(\n   \"the probability that the null hypothesis is true\",\n   answer = \"the probability of the observed, or more extreme, data, under the assumption that the null-hypothesis is true\",\n   \"the probability of making an error in your conclusion\"\n)\n```\n\n`r longmcq(opts_p)`\n\n**What is true about a 95% confidence interval of the mean?**\n\n```{r}\n# use sample() to randomise the order\nopts_ci <- sample(c(\n  answer = \"if you repeated the process many times, 95% of intervals calculated in this way contain the true mean\",\n  \"there is a 95% probability that the true mean lies within this range\",\n  \"95% of the data fall within this range\"\n))\n```\n\n`r longmcq(opts_ci)`\n\n## Checked sections\n\nCreate sections with the class `webex-check` to add a button that hides feedback until it is pressed. Add the class `webex-box` to draw a box around the section (or use your own styles).\n\n::: {.webex-check .webex-box}\n\nI am going to learn a lot: `r torf(TRUE)`\n\n```{r, results='asis'}\nopts <- c(\n   \"the probability that the null hypothesis is true\",\n   answer = \"the probability of the observed, or more extreme, data, under the assumption that the null-hypothesis is true\",\n   \"the probability of making an error in your conclusion\"\n)\n\ncat(\"What is a p-value?\", longmcq(opts))\n```\n\n:::\n\n\n\n## Hidden solutions and hints\n\nYou can fence off a solution area that will be hidden behind a button using `hide()` before the solution and `unhide()` after, each as inline R code.  Pass the text you want to appear on the button to the `hide()` function.\n\nIf the solution is a code chunk, instead of using `hide()` and `unhide()`, simply set the `webex.hide` chunk option to TRUE, or set it to the string you wish to display on the button.\n\n**Recreate the scatterplot below, using the built-in `cars` dataset.**\n\n```{r}\nwith(cars, plot(speed, dist))\n```\n\n\n`r hide(\"I need a hint\")`\n\nSee the documentation for `plot()` (`?plot`)\n\n`r unhide()`\n\n<!-- note: you could also just set webex.hide to TRUE -->\n\n```{r, echo = TRUE, eval = FALSE}\n#| webex.hide: \"Click here to see the solution\"\nplot(cars$speed, cars$dist)\n```\n","srcMarkdownNoYaml":"\n\n```{r setup, include = FALSE}\nknitr::opts_chunk$set(echo = FALSE)\n\nlibrary(webexercises)\n```\n\n```{r, echo = FALSE, results='asis'}\n# Uncomment to change widget colours:\n#style_widgets(incorrect = \"goldenrod\", correct = \"purple\", highlight = \"firebrick\")\n```\n\nThis is a Web Exercise template created by the [#PsyTeachR team at the University of Glasgow](https://psyteachr.github.io), based on ideas from [Software Carpentry](https://software-carpentry.org/lessons/). This template shows how instructors can easily create interactive web documents that students can use in self-guided learning.\n\nThe `{webexercises}` package provides a number of functions that you use in [inline R code](https://github.com/rstudio/cheatsheets/raw/main/rmarkdown.pdf) or through code chunk options to create HTML widgets (text boxes, pull down menus, buttons that reveal hidden content). Examples are given below. Render this file to HTML to see how it works.\n\n**NOTE: To use the widgets in the compiled HTML file, you need to have a JavaScript-enabled browser.**\n\n## Example Questions\n\n### Fill-In-The-Blanks (`fitb()`)\n\nCreate fill-in-the-blank questions using `fitb()`, providing the answer as the first argument.\n\n- 2 + 2 is `r fitb(4)`\n\nYou can also create these questions dynamically, using variables from your R session.\n\n```{r}\nx <- sample(2:8, 1)\n```\n\n- The square root of `r x^2` is: `r fitb(x)`\n\nThe blanks are case-sensitive; if you don't care about case, use the argument `ignore_case = TRUE`.\n\n- What is the letter after D? `r fitb(\"E\", ignore_case = TRUE)`\n\nIf you want to ignore differences in whitespace use, use the argument `ignore_ws = TRUE` (which is the default) and include spaces in your answer anywhere they could be acceptable.\n\n- How do you load the tidyverse package? `r fitb(c(\"library( tidyverse )\", \"library( \\\"tidyverse\\\" )\", \"library( 'tidyverse' )\"), ignore_ws = TRUE, width = \"20\")`\n\nYou can set more than one possible correct answer by setting the answers as a vector.\n\n- Type a vowel: `r fitb(c(\"A\", \"E\", \"I\", \"O\" , \"U\"), ignore_case = TRUE)`\n\nYou can use regular expressions to test answers against more complex rules.\n\n- Type any 3 letters: `r fitb(\"^[a-zA-Z]{3}$\", width = 3, regex = TRUE)`\n\n### Multiple Choice (`mcq()`)\n\n- \"Never gonna give you up, never gonna: `r mcq(c(\"let you go\", \"turn you down\", \"run away\", answer = \"let you down\"))`\"\n- \"I `r mcq(c(answer = \"bless the rains\", \"guess it rains\", \"sense the rain\"))` down in Africa\" -Toto\n\n### True or False (`torf()`)\n\n- True or False? You can permute values in a vector using `sample()`. `r torf(TRUE)`\n\n### Longer MCQs (`longmcq()`)\n\nWhen your answers are very long, sometimes a drop-down select box gets formatted oddly. You can use `longmcq()` to deal with this. Since the answers are long, It's probably best to set up the options inside an R chunk with `echo=FALSE`. \n\n**What is a p-value?**\n\n```{r}\nopts_p <- c(\n   \"the probability that the null hypothesis is true\",\n   answer = \"the probability of the observed, or more extreme, data, under the assumption that the null-hypothesis is true\",\n   \"the probability of making an error in your conclusion\"\n)\n```\n\n`r longmcq(opts_p)`\n\n**What is true about a 95% confidence interval of the mean?**\n\n```{r}\n# use sample() to randomise the order\nopts_ci <- sample(c(\n  answer = \"if you repeated the process many times, 95% of intervals calculated in this way contain the true mean\",\n  \"there is a 95% probability that the true mean lies within this range\",\n  \"95% of the data fall within this range\"\n))\n```\n\n`r longmcq(opts_ci)`\n\n## Checked sections\n\nCreate sections with the class `webex-check` to add a button that hides feedback until it is pressed. Add the class `webex-box` to draw a box around the section (or use your own styles).\n\n::: {.webex-check .webex-box}\n\nI am going to learn a lot: `r torf(TRUE)`\n\n```{r, results='asis'}\nopts <- c(\n   \"the probability that the null hypothesis is true\",\n   answer = \"the probability of the observed, or more extreme, data, under the assumption that the null-hypothesis is true\",\n   \"the probability of making an error in your conclusion\"\n)\n\ncat(\"What is a p-value?\", longmcq(opts))\n```\n\n:::\n\n\n\n## Hidden solutions and hints\n\nYou can fence off a solution area that will be hidden behind a button using `hide()` before the solution and `unhide()` after, each as inline R code.  Pass the text you want to appear on the button to the `hide()` function.\n\nIf the solution is a code chunk, instead of using `hide()` and `unhide()`, simply set the `webex.hide` chunk option to TRUE, or set it to the string you wish to display on the button.\n\n**Recreate the scatterplot below, using the built-in `cars` dataset.**\n\n```{r}\nwith(cars, plot(speed, dist))\n```\n\n\n`r hide(\"I need a hint\")`\n\nSee the documentation for `plot()` (`?plot`)\n\n`r unhide()`\n\n<!-- note: you could also just set webex.hide to TRUE -->\n\n```{r, echo = TRUE, eval = FALSE}\n#| webex.hide: \"Click here to see the solution\"\nplot(cars$speed, cars$dist)\n```\n"},"formats":{"html":{"identifier":{"display-name":"HTML","target-format":"html","base-format":"html"},"execute":{"fig-width":7,"fig-height":5,"fig-format":"retina","fig-dpi":96,"df-print":"default","error":false,"eval":true,"cache":null,"freeze":false,"echo":true,"output":true,"warning":true,"include":true,"keep-md":false,"keep-ipynb":false,"ipynb":null,"enabled":null,"daemon":null,"daemon-restart":false,"debug":false,"ipynb-filters":[],"ipynb-shell-interactivity":null,"plotly-connected":true,"engine":"knitr"},"render":{"keep-tex":false,"keep-typ":false,"keep-source":false,"keep-hidden":false,"prefer-html":false,"output-divs":true,"output-ext":"html","fig-align":"default","fig-pos":null,"fig-env":null,"code-fold":"none","code-overflow":"scroll","code-link":false,"code-line-numbers":false,"code-tools":false,"tbl-colwidths":"auto","merge-includes":true,"inline-includes":false,"preserve-yaml":false,"latex-auto-mk":true,"latex-auto-install":true,"latex-clean":true,"latex-min-runs":1,"latex-max-runs":10,"latex-makeindex":"makeindex","latex-makeindex-opts":[],"latex-tlmgr-opts":[],"latex-input-paths":[],"latex-output-dir":null,"link-external-icon":false,"link-external-newwindow":false,"self-contained-math":false,"format-resources":[],"notebook-links":true},"pandoc":{"standalone":true,"wrap":"none","default-image-extension":"png","to":"html","css":["../assets/webexercises/webex.css","webex.css"],"include-after-body":["../assets/webexercises/webex.js","webex.js"],"embed-resources":true,"output-file":"Untitled.html"},"language":{"toc-title-document":"Table of contents","toc-title-website":"On this page","related-formats-title":"Other Formats","related-notebooks-title":"Notebooks","source-notebooks-prefix":"Source","other-links-title":"Other Links","code-links-title":"Code Links","launch-dev-container-title":"Launch Dev Container","launch-binder-title":"Launch Binder","article-notebook-label":"Article Notebook","notebook-preview-download":"Download Notebook","notebook-preview-download-src":"Download Source","notebook-preview-back":"Back to Article","manuscript-meca-bundle":"MECA Bundle","section-title-abstract":"Abstract","section-title-appendices":"Appendices","section-title-footnotes":"Footnotes","section-title-references":"References","section-title-reuse":"Reuse","section-title-copyright":"Copyright","section-title-citation":"Citation","appendix-attribution-cite-as":"For attribution, please cite this work as:","appendix-attribution-bibtex":"BibTeX citation:","title-block-author-single":"Author","title-block-author-plural":"Authors","title-block-affiliation-single":"Affiliation","title-block-affiliation-plural":"Affiliations","title-block-published":"Published","title-block-modified":"Modified","title-block-keywords":"Keywords","callout-tip-title":"Tip","callout-note-title":"Note","callout-warning-title":"Warning","callout-important-title":"Important","callout-caution-title":"Caution","code-summary":"Code","code-tools-menu-caption":"Code","code-tools-show-all-code":"Show All Code","code-tools-hide-all-code":"Hide All Code","code-tools-view-source":"View Source","code-tools-source-code":"Source Code","tools-share":"Share","tools-download":"Download","code-line":"Line","code-lines":"Lines","copy-button-tooltip":"Copy to Clipboard","copy-button-tooltip-success":"Copied!","repo-action-links-edit":"Edit this page","repo-action-links-source":"View source","repo-action-links-issue":"Report an issue","back-to-top":"Back to top","search-no-results-text":"No results","search-matching-documents-text":"matching documents","search-copy-link-title":"Copy link to search","search-hide-matches-text":"Hide additional matches","search-more-match-text":"more match in this document","search-more-matches-text":"more matches in this document","search-clear-button-title":"Clear","search-text-placeholder":"","search-detached-cancel-button-title":"Cancel","search-submit-button-title":"Submit","search-label":"Search","toggle-section":"Toggle section","toggle-sidebar":"Toggle sidebar navigation","toggle-dark-mode":"Toggle dark mode","toggle-reader-mode":"Toggle reader mode","toggle-navigation":"Toggle navigation","crossref-fig-title":"Figure","crossref-tbl-title":"Table","crossref-lst-title":"Listing","crossref-thm-title":"Theorem","crossref-lem-title":"Lemma","crossref-cor-title":"Corollary","crossref-prp-title":"Proposition","crossref-cnj-title":"Conjecture","crossref-def-title":"Definition","crossref-exm-title":"Example","crossref-exr-title":"Exercise","crossref-ch-prefix":"Chapter","crossref-apx-prefix":"Appendix","crossref-sec-prefix":"Section","crossref-eq-prefix":"Equation","crossref-lof-title":"List of Figures","crossref-lot-title":"List of Tables","crossref-lol-title":"List of Listings","environment-proof-title":"Proof","environment-remark-title":"Remark","environment-solution-title":"Solution","listing-page-order-by":"Order By","listing-page-order-by-default":"Default","listing-page-order-by-date-asc":"Oldest","listing-page-order-by-date-desc":"Newest","listing-page-order-by-number-desc":"High to Low","listing-page-order-by-number-asc":"Low to High","listing-page-field-date":"Date","listing-page-field-title":"Title","listing-page-field-description":"Description","listing-page-field-author":"Author","listing-page-field-filename":"File Name","listing-page-field-filemodified":"Modified","listing-page-field-subtitle":"Subtitle","listing-page-field-readingtime":"Reading Time","listing-page-field-wordcount":"Word Count","listing-page-field-categories":"Categories","listing-page-minutes-compact":"{0} min","listing-page-category-all":"All","listing-page-no-matches":"No matching items","listing-page-words":"{0} words"},"metadata":{"lang":"en","fig-responsive":true,"quarto-version":"1.4.554","title":"Webexercises"},"extensions":{"book":{"multiFile":true}}}},"projectFormats":["html"]}