{
  "hash": "d87ff60fc5777abdca117b84fbaa84b6",
  "result": {
    "engine": "knitr",
    "markdown": "---\ntitle: \"Elementos básicos para poder escribir en documentos QMD\"\nauthor: \"Pedro J. Pérez\"\n#- https://quarto.org/docs/reference/dates.html\ndate: 12/04/2024\ndate-format: long\n#- https://quarto.org/docs/authoring/language.html\nlang: es\n\n#- formato de salida \nformat: \n  html:\n    toc: true\n    toc-location: left\n    theme: yeti\n    \n#- opciones de los chunks de código\nexecute:\n  echo: true   #- no hace falta xq es la opción x defecto\n  eval: true   #- no hace falta\n  message: false\n  warning: false\n\n#- hacemos q el rendered document (el .html final) sea autocontenido\nembed-resources: true\n\n#- para forzaros (de momento) a usar en editor en modo source\neditor: source\n\n#- si queremos tunear con css\n#css: \"assets/my_estilos.css\"\n---\n\n\n\n# Intro\n\n**Quarto** es un sistema diseñado para **elaborar documentos** con contenido científico-técnico\n\nUn documento `.qmd` tiene 3 partes:\n\n-   **Yaml**: para los metadatos del documento\n\n-   **Código**: nosotros usaremos código R\n\n-   **Narrativa**: escrita en [markdown]{.underline}\n\n<br>\n\n------------------------------------------------------------------------\n\n# 1. Yaml\n\nVeremos muchas opciones cuando repasemos la **plantilla** para confeccionar vuestros trabajos\n\n<br>\n\n------------------------------------------------------------------------\n\n# 2. Código (R)\n\nPodemos usar el código de 2 formas:\n\n-   **Chunks**: trozos de código R independientes del texto\n\n-   **Código inline**: código entremezclado con la narrativa, con el texto\n\n## Chunks\n\n\n::: {.cell}\n::: {.cell-output-display}\n![](repaso_quarto_files/figure-html/unnamed-chunk-1-1.png){width=672}\n:::\n:::\n\n\n## Código inline\n\n-   Puedes introducir código en el texto. Por ejemplo: El data.frame `iris` tiene 150 filas y 5 variables. La longitud media del sépalo es 5.8433333. Esto es útil!!!\n\n\n::: {.cell}\n\n:::\n\n\n-   Puedes guardar el resultado de una operación en una variable y usarla en el texto. Por ejemplo, la media de la longitud del sépalo es 5.84. Esto es útil!!!\n\n# 3. Texto (o narrativa)\n\nSe escribe en **Markdown**. Es un lenguaje de marcado ligero que se convierte fácilmente en HTML.\n\nUna excelente guía sobre Markdown la tenéis [aquí](https://www.markdownguide.org/)\n\n## 3.1 Elementos básicos\n\nLos **elementos básicos** que tenéis para escribir en Markdown son:\n\n### Títulos\n\n-   Se crean con `#` (h1), `##` (h2), `###` (h3), etc.\n\n-   Tened cuidado de dejar espacio entre las marcas `#` y el texto\n\n-   Tened cuidado de anidar correctamente los niveles de los títulos: `#`, `##`, `###`, etc.\n\n### Formato básico el texto\n\nPuedes usar los siguientes elementos para formatear el texto:\n\n-   Trozos o palabras en **negrita**\n\n-   Trozos o palabras en *cursiva*\n\n-   Superíndices: por ejemplo R^2^\n\n-   Subíndices: por ejemplo H~2~O\n\n-   Tachado: por ejemplo ~~tachado~~\n\n-   Formatear texto cómo código (verbatim code): por ejemplo `print(\"Hola mundo\")`\n\n-   Puedes poner citas: por ejemplo\n\n> \"La vida es aquello que te va sucediendo mientras te empeñas en hacer otros planes\" (John Lennon)\n\n<br>\n\n\n### Más posibilidades para formatear el texto\n\n-   Puedes poner [texto subrayado]{.underline}\n\n-   Puedes poner <mark>texto destacado</mark>\n\n-   **Notas al pie**: por ejemplo^[la marca `^` indica donde se situará la marca de la nota, y el texto de la nota va entre corchetes]\n\n-   **Emojis**, por ejemplo: 😂\n\n-   En realidad puedes usar cualquier **símbolo Unicode** en html, por ejemplo, el símbolo de derechos de autor: © ... o el símbolo de la raíz cuadrada: √ o : ⬐ o .... ✅.\\\n    Puedes encontrar un listado amplio de símbolos en [esta página](https://unicode-table.com/es/) 🌏 o en [esta otra](https://www.w3schools.com/charsets/ref_utf_math.asp). Por ejemplo: ∉ ♣\n\n\n\n<br>\n\n### Listas\n\n**Lista no-numerada**:\n\n-   item nº 1\n\n-   item nº 2\n\n**Lista numerada**:\n\n1.  item nº 1\n\n2.  item nº 2\n\n**Lista Anidada**:\n\n-   item nº 1\n    -   subitem 1\n    -   subitem 2\n\n<br>\n\nPuedes ver **listas más complejas** [aquí](https://quarto.org/docs/authoring/markdown-basics.html#lists)\n\n<br>\n\n## 3.2 Más elementos (de Markdown)\n\n### Enlaces\n\n-   Por ejemplo: [Quarto](https://quarto.org/)\n\n-   Si quieres que el enlace se abra en una nueva pestaña: [Quarto](https://quarto.org/){target=\"_blank\"}\n\n### Imágenes\n\n-   Puedes incluir imágenes en tu documento. Por ejemplo:\n\n![](imagenes/mapita.png){fig-align=\"left\" width=\"25%\"}\n\n-   Más opciones para incluir imágenes [aquí](https://perezp44.github.io/intro.to.quarto.2024/blog/24_imagenes.html)\n\n<br>\n\n### Tablas\n\n-   Puedes incluir tablas en tu documento. Por ejemplo:\n\n\n::: {.cell}\n\n```{.r .cell-code}\niris %>% head() %>% DT::datatable()\n```\n\n::: {.cell-output-display}\n\n```{=html}\n<div class=\"datatables html-widget html-fill-item\" id=\"htmlwidget-12427c1672467456d68d\" style=\"width:100%;height:auto;\"></div>\n<script type=\"application/json\" data-for=\"htmlwidget-12427c1672467456d68d\">{\"x\":{\"filter\":\"none\",\"vertical\":false,\"data\":[[\"1\",\"2\",\"3\",\"4\",\"5\",\"6\"],[5.1,4.9,4.7,4.6,5,5.4],[3.5,3,3.2,3.1,3.6,3.9],[1.4,1.4,1.3,1.5,1.4,1.7],[0.2,0.2,0.2,0.2,0.2,0.4],[\"setosa\",\"setosa\",\"setosa\",\"setosa\",\"setosa\",\"setosa\"]],\"container\":\"<table class=\\\"display\\\">\\n  <thead>\\n    <tr>\\n      <th> <\\/th>\\n      <th>Sepal.Length<\\/th>\\n      <th>Sepal.Width<\\/th>\\n      <th>Petal.Length<\\/th>\\n      <th>Petal.Width<\\/th>\\n      <th>Species<\\/th>\\n    <\\/tr>\\n  <\\/thead>\\n<\\/table>\",\"options\":{\"columnDefs\":[{\"className\":\"dt-right\",\"targets\":[1,2,3,4]},{\"orderable\":false,\"targets\":0},{\"name\":\" \",\"targets\":0},{\"name\":\"Sepal.Length\",\"targets\":1},{\"name\":\"Sepal.Width\",\"targets\":2},{\"name\":\"Petal.Length\",\"targets\":3},{\"name\":\"Petal.Width\",\"targets\":4},{\"name\":\"Species\",\"targets\":5}],\"order\":[],\"autoWidth\":false,\"orderClasses\":false}},\"evals\":[],\"jsHooks\":[]}</script>\n```\n\n:::\n:::\n\n\n<br>\n\n-   Una de las sesiones de la semana que viene la dedicaremos a las tablas\n\n### Ecuaciones\n\n-   Se han de escribir en Latex.\n\n-   Puedes poner ecuaciones de dos formas:\n\n    -   Ecuaciones **inline** (se usa la marca `$`). Por ejemplo: $y = \\beta_0 + \\beta_1 x + \\epsilon$\n\n    -   Ecuaciones **independientes** (se usa la marca `$$`). Por ejemplo:\n\n$$y = \\beta_0 + \\beta_1 x + \\epsilon$$\n\n-   Si no sabes Latex. Puedes ir [aquí](https://www.latex4technics.com/) o [aquí](https://www.sciweavers.org/free-online-latex-equation-editor)\n\n-   Muchas veces podemos reusar el código Latex de ecuaciones en la web (si se ha usado MathJax). Por ejemplo [aquí](https://perezp44.github.io/VAR-models-web/03-Slides.html)\n\n\n<br>\n\n--------------------\n\n<br>\n\n\n# 4. Editor Visual\n\n-   A vosotros seguro que os resulta útil el **editor visual** de Quarto. Podéis activarlo en la esquina superior derecha del editor.\n\n-   Una guía rápida [aquí](https://perezp44.github.io/intro-ds-24-25-web/materiales/slides_07b_intro-a-Quarto.html#/rstudio-visual-editor)\n\n\n\n\n<br>\n\n--------------------\n\n<br>\n\n\n\n# 5. Más elementos (de Quarto)\n\n\n## 5.1 Slides\n\n- Una introducción [aquí](https://perezp44.github.io/intro-ds-24-25-web/materiales/slides_07b_intro-a-Quarto.html#/presentaciones-con-quarto-generico)\n\n- Una introducción más completa [aquí](https://perezp44.github.io/intro.to.quarto.2024/slides/04_revealjs.html#/title-slide)\n\n\n<br>\n\n## 5.2 Tabsets\n\nLos **tabsets** son una forma de organizar el contenido en pestañas. Por ejemplo:\n\n::: {.panel-tabset}\n### El código\n\nAquí tenemos el código para hacer  un plot\n\n\n::: {.cell}\n\n```{.r .cell-code}\nplot(iris)\n```\n:::\n\n\n### El plot\n\nVemos el plot\n\n\n::: {.cell}\n::: {.cell-output-display}\n![](repaso_quarto_files/figure-html/unnamed-chunk-5-1.png){width=672}\n:::\n:::\n\n\n### Todo junto\n\n😀\n\n\n::: {.cell}\n\n```{.r .cell-code}\nplot(iris)\n```\n\n::: {.cell-output-display}\n![](repaso_quarto_files/figure-html/unnamed-chunk-6-1.png){width=672}\n:::\n:::\n\n:::\n\n\n<br>\n\n\n## 5.3 Cuadritos\n\nSirven para resaltar contenido. Por ejemplo:\n\n### Call-outs\n\nLos **call-outs** son una forma de resaltar contenido. Por ejemplo:\n\n\n::: {.callout}\nEl viernes tenéis que mandarme un mail con un breve resumen de lo que haréis en el trabajo y qué datos usaréis\n:::\n\n::: {.callout-note}\nHay 5 tipos de call-outs: `note`, `tip`, `warning`, `caution`, and `important`.\n\nLa documentación oficial está [aquí](https://quarto.org/docs/authoring/callouts.html)\n:::\n\n\n::: {.callout-tip collapse=\"true\" icon=\"false\" title=\"Este call-out puedes expandirlo\" }\nSi te gusta el tema de los call-outs, puedes ver [este video](https://www.youtube.com/watch?v=DDQO_3R-q74)\n:::\n\n### Alerts\n\nLos **alerts** son otra forma de resaltar contenido. Por ejemplo:\n\n::: {.alert .alert-info}\nEsto es un mensaje de información\n:::\n\n::: {.alert .alert-warning}\nMensaje de warning\n:::\n\n::: {.alert .alert-danger}\nAlerta!!!!\n:::\n\n\n\n<br>\n\n## 5.4 Divs y Spans\n\n- Son elementos que permiten **tunear** partes del documento. Documentación [aquí](https://quarto.org/docs/authoring/markdown-basics.html#sec-divs-and-spans)\n\n\n- Un ejemplo de uso de Div's:\n\n::: {.border}\nThis content can be styled with a border\n:::\n\n\n- Otro ejemplo:\n\n::: {.border-top .border-primary}\nThis content can be styled with a border\n:::\n\n<br>\n\n- Un ejemplo de uso de Span's:\n\n  Un trocito de esta frase irá [con un borde]{.border}. ¿Te das cuenta?\n  \n- Otro ejemplo: \n\n  Un trocito de esta frase irá [con un borde]{.border .border-primary}. ¿Te das cuenta?\n\n\n<br>\n\n- **Otros ejemplos**:\n\n  - Este texto es tiene una parte de color  [rojo]{style=\"color: red\"} \n  \n  - Este texto tiene una parte en [fondo verdecito]{style=\"background-color: #7FFFD4;\"}; \n  \n  - Este texto tiene una parte [en rojo y fondo amarillo]{style=\"color: red; background-color: yellow;\"}.\n\n\n<br>\n\n\n## 5.5 CSS(tuneando el documento)\n\n- Podemos **tunear** el documento con CSS. Por ejemplo, podemos cambiar el color de fondo de los títulos:\n\n\n\n::: {.cell}\n\n```{.css .cell-code}\nh1 {\n  background-color: #f09999;\n  font-size: 33px;\n}\n```\n:::\n\n\n<br>\n\n- Otro ejemplo: definimos la clase \"bigtext\n\n\n::: {.cell}\n\n```{.css .cell-code}\n.big-text {\n  font-size: 33px;\n}\n```\n\n\n<style type=\"text/css\">\n.big-text {\n  font-size: 33px;\n}\n</style>\n:::\n\n\n  Una vez definida la clase `.big-text`, podemos usarla en un `div` o en un `span`\n  \n<br>\n  \n::: {.alert .alert-warning .big-text}\nEste texto se verá muy grande\n:::\n\n<br>\n\nEn esta frase una palabra se verá muy [grande]{.big-text} \n\nEn esta frase algo se verá [muy grande y en un cuadrito]{.alert .alert-warning .big-text}\n\n<br>\n\n### Usando mejor el CSS\n\n- Los estilos CSS se suelen guardar en un archivo externo. Para usarlos has de llamar al archivo en el documento. Por ejemplo, has de incluir en el `YAML` lo siguiente:\n\n```yaml\ncss: \"ruta/al/archivo.css\"\n```\n\n- Si quieres saber un poco más, puedes empezar por [aquí](https://perezp44.github.io/intro.to.quarto.2024/blog/25_css.html)\n\n<br>\n\n---------------------\n\n<br>\n\n## 5.5 Más cosas\n\n### Layout's\n\nConocer el **Layout** sirve para organizar el contenido de tu documento. Documentación oficial [aquí](https://quarto.org/docs/authoring/article-layout.html). [Aquí](https://perezp44.github.io/intro.to.quarto.2024/blog/21_layouts.html) un post\n\n\n#### Ejemplo\n\n- Por ejemplo, si queremos que algo vaya en el margen del documento. Documentación [aquí](https://quarto.org/docs/blog/posts/2022-02-17-advanced-layout/)\n\n\n\n::: {.cell .column-margin}\n\n```{.r .cell-code}\nplot (iris)\n```\n\n::: {.cell-output-display}\n![](repaso_quarto_files/figure-html/unnamed-chunk-9-1.png){width=672}\n:::\n:::\n\n\n<br><br><br>\n\n#### Ejemplo\n\n\n- Por ejemplo, si queremos que una parte vaya en **2 columnas**, podemos usar:\n\n\n:::: {.columns}\n::: {.column width=\"70%\"}\n Esta columna ocupara el 70% de la página\n:::\n\n::: {.column width=\"10%\"}\n<!-- empty column to create gap -->\n:::\n\n::: {.column width=\"20%\"}\nEsta columna ocupara el 20% de la página\n:::\n\n::::\n\n\n<br>\n\n\n\n### Extensiones\n\nQuarto tiene multitud de extensiones. Documentación oficial [aquí](https://quarto.org/docs/extensions/starter-templates.html). [Aquí](https://quarto.org/docs/extensions/listing-filters.html) las extensioes oficiales. [Aquí](https://m.canouil.dev/quarto-extensions/) más extensiones. [Aquí](https://github.com/mcanouil/awesome-quarto) un lista awesome de Quarto, y [aquí](https://perezp44.github.io/intro.to.quarto.2024/blog/23_extensiones.html) un post\n\n\n\n\n",
    "supporting": [
      "repaso_quarto_files"
    ],
    "filters": [
      "rmarkdown/pagebreak.lua"
    ],
    "includes": {
      "include-in-header": [
        "<link href=\"repaso_quarto_files/libs/htmltools-fill-0.5.8.1/fill.css\" rel=\"stylesheet\" />\n<script src=\"repaso_quarto_files/libs/htmlwidgets-1.6.4/htmlwidgets.js\"></script>\n<link href=\"repaso_quarto_files/libs/datatables-css-0.0.0/datatables-crosstalk.css\" rel=\"stylesheet\" />\n<script src=\"repaso_quarto_files/libs/datatables-binding-0.33/datatables.js\"></script>\n<script src=\"repaso_quarto_files/libs/jquery-3.6.0/jquery-3.6.0.min.js\"></script>\n<link href=\"repaso_quarto_files/libs/dt-core-1.13.6/css/jquery.dataTables.min.css\" rel=\"stylesheet\" />\n<link href=\"repaso_quarto_files/libs/dt-core-1.13.6/css/jquery.dataTables.extra.css\" rel=\"stylesheet\" />\n<script src=\"repaso_quarto_files/libs/dt-core-1.13.6/js/jquery.dataTables.min.js\"></script>\n<link href=\"repaso_quarto_files/libs/crosstalk-1.2.1/css/crosstalk.min.css\" rel=\"stylesheet\" />\n<script src=\"repaso_quarto_files/libs/crosstalk-1.2.1/js/crosstalk.min.js\"></script>\n"
      ]
    },
    "engineDependencies": {},
    "preserve": {},
    "postProcess": true
  }
}