{"title":"Elementos básicos para poder escribir en documentos QMD","markdown":{"yaml":{"title":"Elementos básicos para poder escribir en documentos QMD","author":"Pedro J. Pérez","date":"12/04/2024","date-format":"long","lang":"es","format":{"html":{"toc":true,"toc-location":"left","theme":"yeti"}},"execute":{"echo":true,"eval":true,"message":false,"warning":false},"embed-resources":true,"editor":"source"},"headingText":"Intro","containsRefs":false,"markdown":"\n\n```{r}\n#| include: false\n#| label: cargando-los-paquetes\nlibrary(tidyverse)\n```\n\n\n**Quarto** es un sistema diseñado para **elaborar documentos** con contenido científico-técnico\n\nUn documento `.qmd` tiene 3 partes:\n\n-   **Yaml**: para los metadatos del documento\n\n-   **Código**: nosotros usaremos código R\n\n-   **Narrativa**: escrita en [markdown]{.underline}\n\n<br>\n\n------------------------------------------------------------------------\n\n# 1. Yaml\n\nVeremos muchas opciones cuando repasemos la **plantilla** para confeccionar vuestros trabajos\n\n<br>\n\n------------------------------------------------------------------------\n\n# 2. Código (R)\n\nPodemos usar el código de 2 formas:\n\n-   **Chunks**: trozos de código R independientes del texto\n\n-   **Código inline**: código entremezclado con la narrativa, con el texto\n\n## Chunks\n\n```{r}\n#| echo: false\nplot(iris)\n```\n\n## Código inline\n\n-   Puedes introducir código en el texto. Por ejemplo: El data.frame `iris` tiene `r nrow(iris)` filas y `r ncol(iris)` variables. La longitud media del sépalo es `r mean(iris$Sepal.Length)`. Esto es útil!!!\n\n```{r}\n#| echo: false\nmedia_sepal_length <- round(mean(iris$Sepal.Length), digits = 2)\n```\n\n-   Puedes guardar el resultado de una operación en una variable y usarla en el texto. Por ejemplo, la media de la longitud del sépalo es `r media_sepal_length`. Esto es útil!!!\n\n# 3. Texto (o narrativa)\n\nSe escribe en **Markdown**. Es un lenguaje de marcado ligero que se convierte fácilmente en HTML.\n\nUna excelente guía sobre Markdown la tenéis [aquí](https://www.markdownguide.org/)\n\n## 3.1 Elementos básicos\n\nLos **elementos básicos** que tenéis para escribir en Markdown son:\n\n### Títulos\n\n-   Se crean con `#` (h1), `##` (h2), `###` (h3), etc.\n\n-   Tened cuidado de dejar espacio entre las marcas `#` y el texto\n\n-   Tened cuidado de anidar correctamente los niveles de los títulos: `#`, `##`, `###`, etc.\n\n### Formato básico el texto\n\nPuedes usar los siguientes elementos para formatear el texto:\n\n-   Trozos o palabras en **negrita**\n\n-   Trozos o palabras en *cursiva*\n\n-   Superíndices: por ejemplo R^2^\n\n-   Subíndices: por ejemplo H~2~O\n\n-   Tachado: por ejemplo ~~tachado~~\n\n-   Formatear texto cómo código (verbatim code): por ejemplo `print(\"Hola mundo\")`\n\n-   Puedes poner citas: por ejemplo\n\n> \"La vida es aquello que te va sucediendo mientras te empeñas en hacer otros planes\" (John Lennon)\n\n<br>\n\n\n### Más posibilidades para formatear el texto\n\n-   Puedes poner [texto subrayado]{.underline}\n\n-   Puedes poner <mark>texto destacado</mark>\n\n-   **Notas al pie**: por ejemplo^[la marca `^` indica donde se situará la marca de la nota, y el texto de la nota va entre corchetes]\n\n-   **Emojis**, por ejemplo: 😂\n\n-   En realidad puedes usar cualquier **símbolo Unicode** en html, por ejemplo, el símbolo de derechos de autor: © ... o el símbolo de la raíz cuadrada: √ o : ⬐ o .... ✅.\\\n    Puedes encontrar un listado amplio de símbolos en [esta página](https://unicode-table.com/es/) 🌏 o en [esta otra](https://www.w3schools.com/charsets/ref_utf_math.asp). Por ejemplo: ∉ ♣\n\n\n\n<br>\n\n### Listas\n\n**Lista no-numerada**:\n\n-   item nº 1\n\n-   item nº 2\n\n**Lista numerada**:\n\n1.  item nº 1\n\n2.  item nº 2\n\n**Lista Anidada**:\n\n-   item nº 1\n    -   subitem 1\n    -   subitem 2\n\n<br>\n\nPuedes ver **listas más complejas** [aquí](https://quarto.org/docs/authoring/markdown-basics.html#lists)\n\n<br>\n\n## 3.2 Más elementos (de Markdown)\n\n### Enlaces\n\n-   Por ejemplo: [Quarto](https://quarto.org/)\n\n-   Si quieres que el enlace se abra en una nueva pestaña: [Quarto](https://quarto.org/){target=\"_blank\"}\n\n### Imágenes\n\n-   Puedes incluir imágenes en tu documento. Por ejemplo:\n\n![](imagenes/mapita.png){fig-align=\"left\" width=\"25%\"}\n\n-   Más opciones para incluir imágenes [aquí](https://perezp44.github.io/intro.to.quarto.2024/blog/24_imagenes.html)\n\n<br>\n\n### Tablas\n\n-   Puedes incluir tablas en tu documento. Por ejemplo:\n\n```{r}\niris %>% head() %>% DT::datatable()\n```\n\n<br>\n\n-   Una de las sesiones de la semana que viene la dedicaremos a las tablas\n\n### Ecuaciones\n\n-   Se han de escribir en Latex.\n\n-   Puedes poner ecuaciones de dos formas:\n\n    -   Ecuaciones **inline** (se usa la marca `$`). Por ejemplo: $y = \\beta_0 + \\beta_1 x + \\epsilon$\n\n    -   Ecuaciones **independientes** (se usa la marca `$$`). Por ejemplo:\n\n$$y = \\beta_0 + \\beta_1 x + \\epsilon$$\n\n-   Si no sabes Latex. Puedes ir [aquí](https://www.latex4technics.com/) o [aquí](https://www.sciweavers.org/free-online-latex-equation-editor)\n\n-   Muchas veces podemos reusar el código Latex de ecuaciones en la web (si se ha usado MathJax). Por ejemplo [aquí](https://perezp44.github.io/VAR-models-web/03-Slides.html)\n\n\n<br>\n\n--------------------\n\n<br>\n\n\n# 4. Editor Visual\n\n-   A vosotros seguro que os resulta útil el **editor visual** de Quarto. Podéis activarlo en la esquina superior derecha del editor.\n\n-   Una guía rápida [aquí](https://perezp44.github.io/intro-ds-24-25-web/materiales/slides_07b_intro-a-Quarto.html#/rstudio-visual-editor)\n\n\n\n\n<br>\n\n--------------------\n\n<br>\n\n\n\n# 5. Más elementos (de Quarto)\n\n\n## 5.1 Slides\n\n- Una introducción [aquí](https://perezp44.github.io/intro-ds-24-25-web/materiales/slides_07b_intro-a-Quarto.html#/presentaciones-con-quarto-generico)\n\n- Una introducción más completa [aquí](https://perezp44.github.io/intro.to.quarto.2024/slides/04_revealjs.html#/title-slide)\n\n\n<br>\n\n## 5.2 Tabsets\n\nLos **tabsets** son una forma de organizar el contenido en pestañas. Por ejemplo:\n\n::: {.panel-tabset}\n### El código\n\nAquí tenemos el código para hacer  un plot\n\n```{r}\n#| eval: false\nplot(iris)\n```\n\n### El plot\n\nVemos el plot\n\n```{r}\n#| echo: false\nplot(iris)\n```\n\n### Todo junto\n\n😀\n\n```{r}\nplot(iris)\n```\n:::\n\n\n<br>\n\n\n## 5.3 Cuadritos\n\nSirven para resaltar contenido. Por ejemplo:\n\n### Call-outs\n\nLos **call-outs** son una forma de resaltar contenido. Por ejemplo:\n\n\n::: {.callout}\nEl viernes tenéis que mandarme un mail con un breve resumen de lo que haréis en el trabajo y qué datos usaréis\n:::\n\n::: {.callout-note}\nHay 5 tipos de call-outs: `note`, `tip`, `warning`, `caution`, and `important`.\n\nLa documentación oficial está [aquí](https://quarto.org/docs/authoring/callouts.html)\n:::\n\n\n::: {.callout-tip collapse=\"true\" icon=\"false\" title=\"Este call-out puedes expandirlo\" }\nSi te gusta el tema de los call-outs, puedes ver [este video](https://www.youtube.com/watch?v=DDQO_3R-q74)\n:::\n\n### Alerts\n\nLos **alerts** son otra forma de resaltar contenido. Por ejemplo:\n\n::: {.alert .alert-info}\nEsto es un mensaje de información\n:::\n\n::: {.alert .alert-warning}\nMensaje de warning\n:::\n\n::: {.alert .alert-danger}\nAlerta!!!!\n:::\n\n\n\n<br>\n\n## 5.4 Divs y Spans\n\n- Son elementos que permiten **tunear** partes del documento. Documentación [aquí](https://quarto.org/docs/authoring/markdown-basics.html#sec-divs-and-spans)\n\n\n- Un ejemplo de uso de Div's:\n\n::: {.border}\nThis content can be styled with a border\n:::\n\n\n- Otro ejemplo:\n\n::: {.border .border-primary}\nThis content can be styled with a border\n:::\n\n<br>\n\n- Un ejemplo de uso de Span's:\n\n  Un trocito de esta frase irá [con un borde]{.border}. ¿Te das cuenta?\n  \n- Otro ejemplo: \n\n  Un trocito de esta frase irá [con un borde]{.border .border-primary}. ¿Te das cuenta?\n\n\n<br>\n\n- **Otros ejemplos**:\n\n  - Este texto es tiene una parte de color  [rojo]{style=\"color: red\"} \n  \n  - Este texto tiene una parte en [fondo verdecito]{style=\"background-color: #7FFFD4;\"}; \n  \n  - Este texto tiene una parte [en rojo y fondo amarillo]{style=\"color: red; background-color: yellow;\"}.\n\n\n<br>\n\n\n## 5.5 CSS(tuneando el documento)\n\n- Podemos **tunear** el documento con CSS. Por ejemplo, podemos cambiar el color de fondo de los títulos:\n\n\n```{css}\n#| eval: false\nh1 {\n  background-color: #f09999;\n  font-size: 33px;\n}\n```\n\n<br>\n\n- Otro ejemplo: definimos la clase \"bigtext\n\n```{css}\n.big-text {\n  font-size: 33px;\n}\n```\n\n  Una vez definida la clase `.big-text`, podemos usarla en un `div` o en un `span`\n  \n<br>\n  \n::: {.alert .alert-warning .big-text}\nEste texto se verá muy grande\n:::\n\n<br>\n\nEn esta frase una palabra se verá muy [grande]{.big-text} \n\nEn esta frase algo se verá [muy grande y en un cuadrito]{.alert .alert-warning .big-text}\n\n<br>\n\n### Usando mejor el CSS\n\n- Los estilos CSS se suelen guardar en un archivo externo. Para usarlos has de llamar al archivo en el documento. Por ejemplo, has de incluir en el `YAML` lo siguiente:\n\n```yaml\ncss: \"ruta/al/archivo.css\"\n```\n\n- Si quieres saber un poco más, puedes empezar por [aquí](https://perezp44.github.io/intro.to.quarto.2024/blog/25_css.html)\n\n<br>\n\n---------------------\n\n<br>\n\n## 5.5 Más cosas\n\n### Layout's\n\nConocer el **Layout** sirve para organizar el contenido de tu documento. Documentación oficial [aquí](https://quarto.org/docs/authoring/article-layout.html). [Aquí](https://perezp44.github.io/intro.to.quarto.2024/blog/21_layouts.html) un post\n\n\n#### Ejemplo\n\n- Por ejemplo, si queremos que algo vaya en el margen del documento. Documentación [aquí](https://quarto.org/docs/blog/posts/2022-02-17-advanced-layout/)\n\n\n```{r}\n#| column: margin\nplot (iris)\n```\n\n<br><br><br>\n\n#### Ejemplo\n\n\n- Por ejemplo, si queremos que una parte vaya en **2 columnas**, podemos usar:\n\n\n:::: {.columns}\n::: {.column width=\"70%\"}\n Esta columna ocupara el 70% de la página\n:::\n\n::: {.column width=\"10%\"}\n<!-- empty column to create gap -->\n:::\n\n::: {.column width=\"20%\"}\nEsta columna ocupara el 20% de la página\n:::\n\n::::\n\n\n<br>\n\n\n\n### Extensiones\n\nQuarto tiene multitud de extensiones. Documentación oficial [aquí](https://quarto.org/docs/extensions/starter-templates.html). [Aquí](https://quarto.org/docs/extensions/listing-filters.html) las extensioes oficiales. [Aquí](https://m.canouil.dev/quarto-extensions/) más extensiones. [Aquí](https://github.com/mcanouil/awesome-quarto) un lista awesome de Quarto, y [aquí](https://perezp44.github.io/intro.to.quarto.2024/blog/23_extensiones.html) un post\n\n\n\n\n","srcMarkdownNoYaml":"\n\n```{r}\n#| include: false\n#| label: cargando-los-paquetes\nlibrary(tidyverse)\n```\n\n# Intro\n\n**Quarto** es un sistema diseñado para **elaborar documentos** con contenido científico-técnico\n\nUn documento `.qmd` tiene 3 partes:\n\n-   **Yaml**: para los metadatos del documento\n\n-   **Código**: nosotros usaremos código R\n\n-   **Narrativa**: escrita en [markdown]{.underline}\n\n<br>\n\n------------------------------------------------------------------------\n\n# 1. Yaml\n\nVeremos muchas opciones cuando repasemos la **plantilla** para confeccionar vuestros trabajos\n\n<br>\n\n------------------------------------------------------------------------\n\n# 2. Código (R)\n\nPodemos usar el código de 2 formas:\n\n-   **Chunks**: trozos de código R independientes del texto\n\n-   **Código inline**: código entremezclado con la narrativa, con el texto\n\n## Chunks\n\n```{r}\n#| echo: false\nplot(iris)\n```\n\n## Código inline\n\n-   Puedes introducir código en el texto. Por ejemplo: El data.frame `iris` tiene `r nrow(iris)` filas y `r ncol(iris)` variables. La longitud media del sépalo es `r mean(iris$Sepal.Length)`. Esto es útil!!!\n\n```{r}\n#| echo: false\nmedia_sepal_length <- round(mean(iris$Sepal.Length), digits = 2)\n```\n\n-   Puedes guardar el resultado de una operación en una variable y usarla en el texto. Por ejemplo, la media de la longitud del sépalo es `r media_sepal_length`. Esto es útil!!!\n\n# 3. Texto (o narrativa)\n\nSe escribe en **Markdown**. Es un lenguaje de marcado ligero que se convierte fácilmente en HTML.\n\nUna excelente guía sobre Markdown la tenéis [aquí](https://www.markdownguide.org/)\n\n## 3.1 Elementos básicos\n\nLos **elementos básicos** que tenéis para escribir en Markdown son:\n\n### Títulos\n\n-   Se crean con `#` (h1), `##` (h2), `###` (h3), etc.\n\n-   Tened cuidado de dejar espacio entre las marcas `#` y el texto\n\n-   Tened cuidado de anidar correctamente los niveles de los títulos: `#`, `##`, `###`, etc.\n\n### Formato básico el texto\n\nPuedes usar los siguientes elementos para formatear el texto:\n\n-   Trozos o palabras en **negrita**\n\n-   Trozos o palabras en *cursiva*\n\n-   Superíndices: por ejemplo R^2^\n\n-   Subíndices: por ejemplo H~2~O\n\n-   Tachado: por ejemplo ~~tachado~~\n\n-   Formatear texto cómo código (verbatim code): por ejemplo `print(\"Hola mundo\")`\n\n-   Puedes poner citas: por ejemplo\n\n> \"La vida es aquello que te va sucediendo mientras te empeñas en hacer otros planes\" (John Lennon)\n\n<br>\n\n\n### Más posibilidades para formatear el texto\n\n-   Puedes poner [texto subrayado]{.underline}\n\n-   Puedes poner <mark>texto destacado</mark>\n\n-   **Notas al pie**: por ejemplo^[la marca `^` indica donde se situará la marca de la nota, y el texto de la nota va entre corchetes]\n\n-   **Emojis**, por ejemplo: 😂\n\n-   En realidad puedes usar cualquier **símbolo Unicode** en html, por ejemplo, el símbolo de derechos de autor: © ... o el símbolo de la raíz cuadrada: √ o : ⬐ o .... ✅.\\\n    Puedes encontrar un listado amplio de símbolos en [esta página](https://unicode-table.com/es/) 🌏 o en [esta otra](https://www.w3schools.com/charsets/ref_utf_math.asp). Por ejemplo: ∉ ♣\n\n\n\n<br>\n\n### Listas\n\n**Lista no-numerada**:\n\n-   item nº 1\n\n-   item nº 2\n\n**Lista numerada**:\n\n1.  item nº 1\n\n2.  item nº 2\n\n**Lista Anidada**:\n\n-   item nº 1\n    -   subitem 1\n    -   subitem 2\n\n<br>\n\nPuedes ver **listas más complejas** [aquí](https://quarto.org/docs/authoring/markdown-basics.html#lists)\n\n<br>\n\n## 3.2 Más elementos (de Markdown)\n\n### Enlaces\n\n-   Por ejemplo: [Quarto](https://quarto.org/)\n\n-   Si quieres que el enlace se abra en una nueva pestaña: [Quarto](https://quarto.org/){target=\"_blank\"}\n\n### Imágenes\n\n-   Puedes incluir imágenes en tu documento. Por ejemplo:\n\n![](imagenes/mapita.png){fig-align=\"left\" width=\"25%\"}\n\n-   Más opciones para incluir imágenes [aquí](https://perezp44.github.io/intro.to.quarto.2024/blog/24_imagenes.html)\n\n<br>\n\n### Tablas\n\n-   Puedes incluir tablas en tu documento. Por ejemplo:\n\n```{r}\niris %>% head() %>% DT::datatable()\n```\n\n<br>\n\n-   Una de las sesiones de la semana que viene la dedicaremos a las tablas\n\n### Ecuaciones\n\n-   Se han de escribir en Latex.\n\n-   Puedes poner ecuaciones de dos formas:\n\n    -   Ecuaciones **inline** (se usa la marca `$`). Por ejemplo: $y = \\beta_0 + \\beta_1 x + \\epsilon$\n\n    -   Ecuaciones **independientes** (se usa la marca `$$`). Por ejemplo:\n\n$$y = \\beta_0 + \\beta_1 x + \\epsilon$$\n\n-   Si no sabes Latex. Puedes ir [aquí](https://www.latex4technics.com/) o [aquí](https://www.sciweavers.org/free-online-latex-equation-editor)\n\n-   Muchas veces podemos reusar el código Latex de ecuaciones en la web (si se ha usado MathJax). Por ejemplo [aquí](https://perezp44.github.io/VAR-models-web/03-Slides.html)\n\n\n<br>\n\n--------------------\n\n<br>\n\n\n# 4. Editor Visual\n\n-   A vosotros seguro que os resulta útil el **editor visual** de Quarto. Podéis activarlo en la esquina superior derecha del editor.\n\n-   Una guía rápida [aquí](https://perezp44.github.io/intro-ds-24-25-web/materiales/slides_07b_intro-a-Quarto.html#/rstudio-visual-editor)\n\n\n\n\n<br>\n\n--------------------\n\n<br>\n\n\n\n# 5. Más elementos (de Quarto)\n\n\n## 5.1 Slides\n\n- Una introducción [aquí](https://perezp44.github.io/intro-ds-24-25-web/materiales/slides_07b_intro-a-Quarto.html#/presentaciones-con-quarto-generico)\n\n- Una introducción más completa [aquí](https://perezp44.github.io/intro.to.quarto.2024/slides/04_revealjs.html#/title-slide)\n\n\n<br>\n\n## 5.2 Tabsets\n\nLos **tabsets** son una forma de organizar el contenido en pestañas. Por ejemplo:\n\n::: {.panel-tabset}\n### El código\n\nAquí tenemos el código para hacer  un plot\n\n```{r}\n#| eval: false\nplot(iris)\n```\n\n### El plot\n\nVemos el plot\n\n```{r}\n#| echo: false\nplot(iris)\n```\n\n### Todo junto\n\n😀\n\n```{r}\nplot(iris)\n```\n:::\n\n\n<br>\n\n\n## 5.3 Cuadritos\n\nSirven para resaltar contenido. Por ejemplo:\n\n### Call-outs\n\nLos **call-outs** son una forma de resaltar contenido. Por ejemplo:\n\n\n::: {.callout}\nEl viernes tenéis que mandarme un mail con un breve resumen de lo que haréis en el trabajo y qué datos usaréis\n:::\n\n::: {.callout-note}\nHay 5 tipos de call-outs: `note`, `tip`, `warning`, `caution`, and `important`.\n\nLa documentación oficial está [aquí](https://quarto.org/docs/authoring/callouts.html)\n:::\n\n\n::: {.callout-tip collapse=\"true\" icon=\"false\" title=\"Este call-out puedes expandirlo\" }\nSi te gusta el tema de los call-outs, puedes ver [este video](https://www.youtube.com/watch?v=DDQO_3R-q74)\n:::\n\n### Alerts\n\nLos **alerts** son otra forma de resaltar contenido. Por ejemplo:\n\n::: {.alert .alert-info}\nEsto es un mensaje de información\n:::\n\n::: {.alert .alert-warning}\nMensaje de warning\n:::\n\n::: {.alert .alert-danger}\nAlerta!!!!\n:::\n\n\n\n<br>\n\n## 5.4 Divs y Spans\n\n- Son elementos que permiten **tunear** partes del documento. Documentación [aquí](https://quarto.org/docs/authoring/markdown-basics.html#sec-divs-and-spans)\n\n\n- Un ejemplo de uso de Div's:\n\n::: {.border}\nThis content can be styled with a border\n:::\n\n\n- Otro ejemplo:\n\n::: {.border .border-primary}\nThis content can be styled with a border\n:::\n\n<br>\n\n- Un ejemplo de uso de Span's:\n\n  Un trocito de esta frase irá [con un borde]{.border}. ¿Te das cuenta?\n  \n- Otro ejemplo: \n\n  Un trocito de esta frase irá [con un borde]{.border .border-primary}. ¿Te das cuenta?\n\n\n<br>\n\n- **Otros ejemplos**:\n\n  - Este texto es tiene una parte de color  [rojo]{style=\"color: red\"} \n  \n  - Este texto tiene una parte en [fondo verdecito]{style=\"background-color: #7FFFD4;\"}; \n  \n  - Este texto tiene una parte [en rojo y fondo amarillo]{style=\"color: red; background-color: yellow;\"}.\n\n\n<br>\n\n\n## 5.5 CSS(tuneando el documento)\n\n- Podemos **tunear** el documento con CSS. Por ejemplo, podemos cambiar el color de fondo de los títulos:\n\n\n```{css}\n#| eval: false\nh1 {\n  background-color: #f09999;\n  font-size: 33px;\n}\n```\n\n<br>\n\n- Otro ejemplo: definimos la clase \"bigtext\n\n```{css}\n.big-text {\n  font-size: 33px;\n}\n```\n\n  Una vez definida la clase `.big-text`, podemos usarla en un `div` o en un `span`\n  \n<br>\n  \n::: {.alert .alert-warning .big-text}\nEste texto se verá muy grande\n:::\n\n<br>\n\nEn esta frase una palabra se verá muy [grande]{.big-text} \n\nEn esta frase algo se verá [muy grande y en un cuadrito]{.alert .alert-warning .big-text}\n\n<br>\n\n### Usando mejor el CSS\n\n- Los estilos CSS se suelen guardar en un archivo externo. Para usarlos has de llamar al archivo en el documento. Por ejemplo, has de incluir en el `YAML` lo siguiente:\n\n```yaml\ncss: \"ruta/al/archivo.css\"\n```\n\n- Si quieres saber un poco más, puedes empezar por [aquí](https://perezp44.github.io/intro.to.quarto.2024/blog/25_css.html)\n\n<br>\n\n---------------------\n\n<br>\n\n## 5.5 Más cosas\n\n### Layout's\n\nConocer el **Layout** sirve para organizar el contenido de tu documento. Documentación oficial [aquí](https://quarto.org/docs/authoring/article-layout.html). [Aquí](https://perezp44.github.io/intro.to.quarto.2024/blog/21_layouts.html) un post\n\n\n#### Ejemplo\n\n- Por ejemplo, si queremos que algo vaya en el margen del documento. Documentación [aquí](https://quarto.org/docs/blog/posts/2022-02-17-advanced-layout/)\n\n\n```{r}\n#| column: margin\nplot (iris)\n```\n\n<br><br><br>\n\n#### Ejemplo\n\n\n- Por ejemplo, si queremos que una parte vaya en **2 columnas**, podemos usar:\n\n\n:::: {.columns}\n::: {.column width=\"70%\"}\n Esta columna ocupara el 70% de la página\n:::\n\n::: {.column width=\"10%\"}\n<!-- empty column to create gap -->\n:::\n\n::: {.column width=\"20%\"}\nEsta columna ocupara el 20% de la página\n:::\n\n::::\n\n\n<br>\n\n\n\n### Extensiones\n\nQuarto tiene multitud de extensiones. Documentación oficial [aquí](https://quarto.org/docs/extensions/starter-templates.html). [Aquí](https://quarto.org/docs/extensions/listing-filters.html) las extensioes oficiales. [Aquí](https://m.canouil.dev/quarto-extensions/) más extensiones. [Aquí](https://github.com/mcanouil/awesome-quarto) un lista awesome de Quarto, y [aquí](https://perezp44.github.io/intro.to.quarto.2024/blog/23_extensiones.html) un post\n\n\n\n\n"},"formats":{"html":{"identifier":{"display-name":"HTML","target-format":"html","base-format":"html"},"execute":{"fig-width":7,"fig-height":5,"fig-format":"retina","fig-dpi":96,"df-print":"default","error":false,"eval":true,"cache":null,"freeze":false,"echo":true,"output":true,"warning":false,"include":true,"keep-md":false,"keep-ipynb":false,"ipynb":null,"enabled":null,"daemon":null,"daemon-restart":false,"debug":false,"ipynb-filters":[],"ipynb-shell-interactivity":null,"plotly-connected":true,"message":false,"engine":"knitr"},"render":{"keep-tex":false,"keep-typ":false,"keep-source":false,"keep-hidden":false,"prefer-html":false,"output-divs":true,"output-ext":"html","fig-align":"default","fig-pos":null,"fig-env":null,"code-fold":"none","code-overflow":"scroll","code-link":false,"code-line-numbers":false,"code-tools":false,"tbl-colwidths":"auto","merge-includes":true,"inline-includes":false,"preserve-yaml":false,"latex-auto-mk":true,"latex-auto-install":true,"latex-clean":true,"latex-min-runs":1,"latex-max-runs":10,"latex-makeindex":"makeindex","latex-makeindex-opts":[],"latex-tlmgr-opts":[],"latex-input-paths":[],"latex-output-dir":null,"link-external-icon":false,"link-external-newwindow":false,"self-contained-math":false,"format-resources":[],"notebook-links":true},"pandoc":{"standalone":true,"wrap":"none","default-image-extension":"png","to":"html","embed-resources":true,"toc":true,"output-file":"repaso_quarto.html"},"language":{"toc-title-document":"Tabla de contenidos","toc-title-website":"En esta página","related-formats-title":"Otros formatos","related-notebooks-title":"Notebooks","source-notebooks-prefix":"Fuente","other-links-title":"Otros Enlaces","code-links-title":"Enlaces de código","launch-dev-container-title":"Iniciar Dev Container","launch-binder-title":"Iniciar Binder","article-notebook-label":"Cuaderno de Artículo","notebook-preview-download":"Descargar Cuaderno","notebook-preview-download-src":"Descargar código fuente","notebook-preview-back":"Volver al Artículo","manuscript-meca-bundle":"Archivo MECA","section-title-abstract":"Resumen","section-title-appendices":"Apéndices","section-title-footnotes":"Notas","section-title-references":"Referencias","section-title-reuse":"Reutilización","section-title-copyright":"Derechos de autor","section-title-citation":"Cómo citar","appendix-attribution-cite-as":"Por favor, cita este trabajo como:","appendix-attribution-bibtex":"BibTeX","appendix-view-license":"Ver Licencia","title-block-author-single":"Autor/a","title-block-author-plural":"Autores/as","title-block-affiliation-single":"Afiliación","title-block-affiliation-plural":"Afiliaciones","title-block-published":"Fecha de publicación","title-block-modified":"Fecha de modificación","title-block-keywords":"Palabras clave","callout-tip-title":"Tip","callout-note-title":"Nota","callout-warning-title":"Advertencia","callout-important-title":"Importante","callout-caution-title":"Precaución","code-summary":"Código","code-tools-menu-caption":"Código","code-tools-show-all-code":"Mostrar todo el código","code-tools-hide-all-code":"Ocultar todo el código","code-tools-view-source":"Ver el código fuente","code-tools-source-code":"Ejecutar el código","tools-share":"Compartir","tools-download":"Descargar","code-line":"Línea","code-lines":"Líneas","copy-button-tooltip":"Copiar al portapapeles","copy-button-tooltip-success":"Copiado","repo-action-links-edit":"Editar esta página","repo-action-links-source":"Ver el código","repo-action-links-issue":"Informar de un problema","back-to-top":"Volver arriba","search-no-results-text":"Sin resultados","search-matching-documents-text":"documentos encontrados","search-copy-link-title":"Copiar el enlace en la búsqueda","search-hide-matches-text":"Ocultar resultados adicionales","search-more-match-text":"resultado adicional en este documento","search-more-matches-text":"resultados adicionales en este documento","search-clear-button-title":"Borrar","search-text-placeholder":"","search-detached-cancel-button-title":"Cancelar","search-submit-button-title":"Enviar","search-label":"Buscar","toggle-section":"Alternar sección","toggle-sidebar":"Alternar barra lateral","toggle-dark-mode":"Alternar modo oscuro","toggle-reader-mode":"Alternar modo lector","toggle-navigation":"Navegación de palanca","crossref-fig-title":"Figura","crossref-tbl-title":"Tabla","crossref-lst-title":"Listado","crossref-thm-title":"Teorema","crossref-lem-title":"Lema","crossref-cor-title":"Corolario","crossref-prp-title":"Proposición","crossref-cnj-title":"Conjetura","crossref-def-title":"Definición","crossref-exm-title":"Ejemplo","crossref-exr-title":"Ejercicio","crossref-ch-prefix":"Capítulo","crossref-apx-prefix":"Apéndice","crossref-sec-prefix":"Sección","crossref-eq-prefix":"Ecuación","crossref-lof-title":"Listado de Figuras","crossref-lot-title":"Listado de Tablas","crossref-lol-title":"Listado de Listados","environment-proof-title":"Prueba","environment-remark-title":"Observación","environment-solution-title":"Solución","listing-page-order-by":"Ordenar por","listing-page-order-by-default":"Por defecto","listing-page-order-by-date-asc":"Menos reciente","listing-page-order-by-date-desc":"Más reciente","listing-page-order-by-number-desc":"De mayor a menor","listing-page-order-by-number-asc":"De menor a mayor","listing-page-field-date":"Fecha","listing-page-field-title":"Título","listing-page-field-description":"Descripción","listing-page-field-author":"Autor/a","listing-page-field-filename":"Nombre de archivo","listing-page-field-filemodified":"Fecha de modificación","listing-page-field-subtitle":"Subtítulo","listing-page-field-readingtime":"Tiempo de lectura","listing-page-field-wordcount":"Conteo de Palabras","listing-page-field-categories":"Categorías","listing-page-minutes-compact":"{0} minutos","listing-page-category-all":"Todas","listing-page-no-matches":"No hay resultados","listing-page-words":"{0} palabras","listing-page-filter":"Filtro","draft":"Borrador"},"metadata":{"lang":"es","fig-responsive":true,"quarto-version":"1.7.31","title":"Elementos básicos para poder escribir en documentos QMD","author":"Pedro J. Pérez","date":"12/04/2024","date-format":"long","editor":"source","toc-location":"left","theme":"yeti"},"extensions":{"book":{"multiFile":true}}}},"projectFormats":[]}