{
  "hash": "356af8fdad63afc8f547ce00f67f2b80",
  "result": {
    "engine": "knitr",
    "markdown": "---\ntitle: \"Investigación\"\n---\n\n\n\n::: {.callout-important appearance=\"minimal\" icon=\"false\"}\nMi investigación se ha centrado principalmente en tres áreas: los **ciclos económicos**, la **economía de la educación** y la **economía de la cultura**.\n:::\n\n\n<br>\n\nAquí puedes ver mis perfiles en:\n\n- [Orcid](https://orcid.org/0000-0001-9375-6330)\n\n- [Google Schollar](https://scholar.google.com/citations?user=PXaWcW4AAAAJ&hl=en)\n\n- [Web of Science](https://www.webofscience.com/wos/author/record/R-6630-2017)\n\n- [Scopus](https://www.scopus.com/authid/detail.uri?authorId=55429483100)\n\n- [ResearchGate](https://www.researchgate.net/profile/Pedro-Perez-52)\n\n- [DialNet](https://dialnet.unirioja.es/metricas/investigadores/703097)\n\n- [IDEAS](https://ideas.repec.org/cgi-bin/rank.cgi?ppe97&sdCQ)\n\n- No tengo \"perfil\" en [Wikidata](https://www.wikidata.org/), pero algunos de mis artículos sí están. Por ejemplo [este](https://www.wikidata.org/wiki/Q58293777).\n\n\n\n::: {.cell}\n\n:::\n",
    "supporting": [],
    "filters": [
      "rmarkdown/pagebreak.lua"
    ],
    "includes": {},
    "engineDependencies": {},
    "preserve": {},
    "postProcess": true
  }
}