{"title":"Votaciones de Eurovisión","markdown":{"yaml":{"title":"Votaciones de Eurovisión","author":"Nosotros","format":"html","embed-resources":true,"execute":{"echo":true,"eval":true,"message":false,"warning":false}},"headingText":"Intro","containsRefs":false,"markdown":"\n\n\nEstamos en el cuarto día del [curso de Introducción a R](https://perezp44.github.io/intro.to.quarto/) y estamos practicando cómo escribir con Quarto. Para ello usamos un [gist de Julia Silge](https://gist.github.com/juliasilge/c5e76731e8dc4e2b709f5afd4ebf9b61)\n\n\n## Marco teórico\n\n-   Los países tienen afinidades/intereses etc... que **pueden condicionar las votaciones de Eurovisión**.\n\n-   El *prestigioso* diario Marca 🫠 se hace eco [aquí](https://www.marca.com/tiramillas/musica/2023/05/11/645c8fd1268e3e48528b45c2.html) de esta hipótesis.\n\n-   En el artículo se cita a `@picanumeros` que ha trabajado el tema. Puedes ver su análisis en este [hilo de twitter](https://twitter.com/Picanumeros/status/1525422610179293184).\n\n-   En la Wikipedia tenemos un largo [artículo sobre Eurovisión](https://es.wikipedia.org/wiki/Festival_de_la_Canci%C3%B3n_de_Eurovisi%C3%B3n) lleno de datos, tablas y mapas.\n\n------------------------------------------------------------------------\n\n-   Una imagen de WikiCommons de la 3ª edición del festival en la que aparece **Domenico Modugno**\n\n![](https://upload.wikimedia.org/wikipedia/commons/thumb/f/fa/Domenico_Modugno_%281958%29%2C_Bestanddeelnr_909-4001.jpg/800px-Domenico_Modugno_%281958%29%2C_Bestanddeelnr_909-4001.jpg){fig-align=\"center\" width=\"45%\"}\n\n## Datos\n\n-   Necesitamos datos. Afortunadamente el proyecto `tidytuesday` en su edición del 17 de mayo de 2022 utilizó [datos sobre votaciones en Eurovision](https://github.com/rfordatascience/tidytuesday/tree/master/data/2022/2022-05-17#eurovision).\n\n```{r}\n#| label: setup     #- se ejecutará siempre\n#| include: false   #- para que se ejecute pero no se muestre nada en el output\nlibrary(tidyverse)\nlibrary(widyr) #- (irlba, widyr)\nlibrary(maps)\n```\n\n-   Descargamos datos de Eurovision con este chunk de código:\n\n```{r}\neurovision_votes <- read_csv('https://raw.githubusercontent.com/rfordatascience/tidytuesday/master/data/2022/2022-05-17/eurovision-votes.csv')\n```\n\n## Análisis\n\n-   Vamos a utilizar técnicas de clustering implementadas en el paquete `widyr`.\n\n-   **Supondremos que hay 4 clusters**.\n\n```{r}\n#- clustering -----\nset.seed(234)\neurovision_clusters <-  eurovision_votes %>%\n  # dimensionality reduction with SVD: https://www.youtube.com/watch?v=UyAfmAZU_WI\n  widyr::widely_svd(from_country, to_country, points, nv = 24) %>%\n  #- combination of SVD and k-means: https://www.researchgate.net/publication/284617182_Combination_of_Singular_Value_Decomposition_and_K-means_Clustering_Methods_for_Topic_Detection_on_Twitter\n  widyr::widely_kmeans(from_country, dimension, value, k = 4)\n```\n\n## Resultados\n\n-   Los resultados parecen good\n\n### Tabla\n\n```{r}\n#- tabla -----\ntable <- eurovision_clusters %>% \n  group_by(cluster) %>% \n  summarise(from_country = paste(from_country, collapse = \", \")) \ngt::gt(table)\n```\n\n------------------------------------------------------------------------\n\n### Mapa\n\n```{r}\n#- mapa -----\nmap_data(\"world\") %>%\n  filter(region %in% eurovision_clusters$from_country) %>%\n  left_join(eurovision_clusters, by = c(\"region\" = \"from_country\")) %>%\n  ggplot(aes(long, lat, group = group, fill = cluster)) +\n  geom_polygon(alpha = 0.8) +\n  coord_map() +\n  scale_fill_brewer(palette = \"Dark2\") +\n  labs(title = \"Which countries vote similarly for Eurovision?\",\n       subtitle = \"Clusters identified with SVD and K-means\",\n       caption = \"Big thanks to @juliasilge@fosstodon.org\") +\n  pjpv.curso.R.2022::theme_pjp_maps() +\n  theme(panel.background = ggplot2::element_rect(fill = \"white\",  color = NA)) +\n  theme(plot.background = ggplot2::element_rect(colour = \"white\",fill = \"white\"))\n```\n","srcMarkdownNoYaml":"\n\n## Intro\n\nEstamos en el cuarto día del [curso de Introducción a R](https://perezp44.github.io/intro.to.quarto/) y estamos practicando cómo escribir con Quarto. Para ello usamos un [gist de Julia Silge](https://gist.github.com/juliasilge/c5e76731e8dc4e2b709f5afd4ebf9b61)\n\n\n## Marco teórico\n\n-   Los países tienen afinidades/intereses etc... que **pueden condicionar las votaciones de Eurovisión**.\n\n-   El *prestigioso* diario Marca 🫠 se hace eco [aquí](https://www.marca.com/tiramillas/musica/2023/05/11/645c8fd1268e3e48528b45c2.html) de esta hipótesis.\n\n-   En el artículo se cita a `@picanumeros` que ha trabajado el tema. Puedes ver su análisis en este [hilo de twitter](https://twitter.com/Picanumeros/status/1525422610179293184).\n\n-   En la Wikipedia tenemos un largo [artículo sobre Eurovisión](https://es.wikipedia.org/wiki/Festival_de_la_Canci%C3%B3n_de_Eurovisi%C3%B3n) lleno de datos, tablas y mapas.\n\n------------------------------------------------------------------------\n\n-   Una imagen de WikiCommons de la 3ª edición del festival en la que aparece **Domenico Modugno**\n\n![](https://upload.wikimedia.org/wikipedia/commons/thumb/f/fa/Domenico_Modugno_%281958%29%2C_Bestanddeelnr_909-4001.jpg/800px-Domenico_Modugno_%281958%29%2C_Bestanddeelnr_909-4001.jpg){fig-align=\"center\" width=\"45%\"}\n\n## Datos\n\n-   Necesitamos datos. Afortunadamente el proyecto `tidytuesday` en su edición del 17 de mayo de 2022 utilizó [datos sobre votaciones en Eurovision](https://github.com/rfordatascience/tidytuesday/tree/master/data/2022/2022-05-17#eurovision).\n\n```{r}\n#| label: setup     #- se ejecutará siempre\n#| include: false   #- para que se ejecute pero no se muestre nada en el output\nlibrary(tidyverse)\nlibrary(widyr) #- (irlba, widyr)\nlibrary(maps)\n```\n\n-   Descargamos datos de Eurovision con este chunk de código:\n\n```{r}\neurovision_votes <- read_csv('https://raw.githubusercontent.com/rfordatascience/tidytuesday/master/data/2022/2022-05-17/eurovision-votes.csv')\n```\n\n## Análisis\n\n-   Vamos a utilizar técnicas de clustering implementadas en el paquete `widyr`.\n\n-   **Supondremos que hay 4 clusters**.\n\n```{r}\n#- clustering -----\nset.seed(234)\neurovision_clusters <-  eurovision_votes %>%\n  # dimensionality reduction with SVD: https://www.youtube.com/watch?v=UyAfmAZU_WI\n  widyr::widely_svd(from_country, to_country, points, nv = 24) %>%\n  #- combination of SVD and k-means: https://www.researchgate.net/publication/284617182_Combination_of_Singular_Value_Decomposition_and_K-means_Clustering_Methods_for_Topic_Detection_on_Twitter\n  widyr::widely_kmeans(from_country, dimension, value, k = 4)\n```\n\n## Resultados\n\n-   Los resultados parecen good\n\n### Tabla\n\n```{r}\n#- tabla -----\ntable <- eurovision_clusters %>% \n  group_by(cluster) %>% \n  summarise(from_country = paste(from_country, collapse = \", \")) \ngt::gt(table)\n```\n\n------------------------------------------------------------------------\n\n### Mapa\n\n```{r}\n#- mapa -----\nmap_data(\"world\") %>%\n  filter(region %in% eurovision_clusters$from_country) %>%\n  left_join(eurovision_clusters, by = c(\"region\" = \"from_country\")) %>%\n  ggplot(aes(long, lat, group = group, fill = cluster)) +\n  geom_polygon(alpha = 0.8) +\n  coord_map() +\n  scale_fill_brewer(palette = \"Dark2\") +\n  labs(title = \"Which countries vote similarly for Eurovision?\",\n       subtitle = \"Clusters identified with SVD and K-means\",\n       caption = \"Big thanks to @juliasilge@fosstodon.org\") +\n  pjpv.curso.R.2022::theme_pjp_maps() +\n  theme(panel.background = ggplot2::element_rect(fill = \"white\",  color = NA)) +\n  theme(plot.background = ggplot2::element_rect(colour = \"white\",fill = \"white\"))\n```\n"},"formats":{"html":{"identifier":{"display-name":"HTML","target-format":"html","base-format":"html"},"execute":{"fig-width":7,"fig-height":5,"fig-format":"retina","fig-dpi":96,"df-print":"default","error":false,"eval":true,"cache":null,"freeze":false,"echo":true,"output":true,"warning":false,"include":true,"keep-md":false,"keep-ipynb":false,"ipynb":null,"enabled":null,"daemon":null,"daemon-restart":false,"debug":false,"ipynb-filters":[],"ipynb-shell-interactivity":null,"plotly-connected":true,"message":false,"engine":"knitr"},"render":{"keep-tex":false,"keep-typ":false,"keep-source":false,"keep-hidden":false,"prefer-html":false,"output-divs":true,"output-ext":"html","fig-align":"default","fig-pos":null,"fig-env":null,"code-fold":"none","code-overflow":"scroll","code-link":false,"code-line-numbers":false,"code-tools":false,"tbl-colwidths":"auto","merge-includes":true,"inline-includes":false,"preserve-yaml":false,"latex-auto-mk":true,"latex-auto-install":true,"latex-clean":true,"latex-min-runs":1,"latex-max-runs":10,"latex-makeindex":"makeindex","latex-makeindex-opts":[],"latex-tlmgr-opts":[],"latex-input-paths":[],"latex-output-dir":null,"link-external-icon":false,"link-external-newwindow":false,"self-contained-math":false,"format-resources":[],"notebook-links":true},"pandoc":{"standalone":true,"wrap":"none","default-image-extension":"png","to":"html","embed-resources":true,"output-file":"tarea_6.2_bibliografia.html"},"language":{"toc-title-document":"Table of contents","toc-title-website":"On this page","related-formats-title":"Other Formats","related-notebooks-title":"Notebooks","source-notebooks-prefix":"Source","other-links-title":"Other Links","code-links-title":"Code Links","launch-dev-container-title":"Launch Dev Container","launch-binder-title":"Launch Binder","article-notebook-label":"Article Notebook","notebook-preview-download":"Download Notebook","notebook-preview-download-src":"Download Source","notebook-preview-back":"Back to Article","manuscript-meca-bundle":"MECA Bundle","section-title-abstract":"Abstract","section-title-appendices":"Appendices","section-title-footnotes":"Footnotes","section-title-references":"References","section-title-reuse":"Reuse","section-title-copyright":"Copyright","section-title-citation":"Citation","appendix-attribution-cite-as":"For attribution, please cite this work as:","appendix-attribution-bibtex":"BibTeX citation:","title-block-author-single":"Author","title-block-author-plural":"Authors","title-block-affiliation-single":"Affiliation","title-block-affiliation-plural":"Affiliations","title-block-published":"Published","title-block-modified":"Modified","title-block-keywords":"Keywords","callout-tip-title":"Tip","callout-note-title":"Note","callout-warning-title":"Warning","callout-important-title":"Important","callout-caution-title":"Caution","code-summary":"Code","code-tools-menu-caption":"Code","code-tools-show-all-code":"Show All Code","code-tools-hide-all-code":"Hide All Code","code-tools-view-source":"View Source","code-tools-source-code":"Source Code","tools-share":"Share","tools-download":"Download","code-line":"Line","code-lines":"Lines","copy-button-tooltip":"Copy to Clipboard","copy-button-tooltip-success":"Copied!","repo-action-links-edit":"Edit this page","repo-action-links-source":"View source","repo-action-links-issue":"Report an issue","back-to-top":"Back to top","search-no-results-text":"No results","search-matching-documents-text":"matching documents","search-copy-link-title":"Copy link to search","search-hide-matches-text":"Hide additional matches","search-more-match-text":"more match in this document","search-more-matches-text":"more matches in this document","search-clear-button-title":"Clear","search-text-placeholder":"","search-detached-cancel-button-title":"Cancel","search-submit-button-title":"Submit","search-label":"Search","toggle-section":"Toggle section","toggle-sidebar":"Toggle sidebar navigation","toggle-dark-mode":"Toggle dark mode","toggle-reader-mode":"Toggle reader mode","toggle-navigation":"Toggle navigation","crossref-fig-title":"Figure","crossref-tbl-title":"Table","crossref-lst-title":"Listing","crossref-thm-title":"Theorem","crossref-lem-title":"Lemma","crossref-cor-title":"Corollary","crossref-prp-title":"Proposition","crossref-cnj-title":"Conjecture","crossref-def-title":"Definition","crossref-exm-title":"Example","crossref-exr-title":"Exercise","crossref-ch-prefix":"Chapter","crossref-apx-prefix":"Appendix","crossref-sec-prefix":"Section","crossref-eq-prefix":"Equation","crossref-lof-title":"List of Figures","crossref-lot-title":"List of Tables","crossref-lol-title":"List of Listings","environment-proof-title":"Proof","environment-remark-title":"Remark","environment-solution-title":"Solution","listing-page-order-by":"Order By","listing-page-order-by-default":"Default","listing-page-order-by-date-asc":"Oldest","listing-page-order-by-date-desc":"Newest","listing-page-order-by-number-desc":"High to Low","listing-page-order-by-number-asc":"Low to High","listing-page-field-date":"Date","listing-page-field-title":"Title","listing-page-field-description":"Description","listing-page-field-author":"Author","listing-page-field-filename":"File Name","listing-page-field-filemodified":"Modified","listing-page-field-subtitle":"Subtitle","listing-page-field-readingtime":"Reading Time","listing-page-field-wordcount":"Word Count","listing-page-field-categories":"Categories","listing-page-minutes-compact":"{0} min","listing-page-category-all":"All","listing-page-no-matches":"No matching items","listing-page-words":"{0} words"},"metadata":{"lang":"en","fig-responsive":true,"quarto-version":"1.4.554","title":"Votaciones de Eurovisión","author":"Nosotros"},"extensions":{"book":{"multiFile":true}}}},"projectFormats":[]}