{
    "sources": [
        {
            "DOI": "10.7818/ecos.2016.25-2.11",
            "URL": "http://dx.doi.org/10.7818/ecos.2016.25-2.11",
            "author": [
                {
                    "family": "Rodríguez-Sanchez",
                    "given": "Francisco"
                },
                {
                    "family": "Pérez-Luque",
                    "given": "Antonio Jesús"
                },
                {
                    "family": "Bartomeus",
                    "given": "Ignasi"
                },
                {
                    "family": "Varela",
                    "given": "Sara"
                }
            ],
            "container-title": "Ecosistemas",
            "id": "rodríguez-sanchez2016",
            "issue": "2",
            "issued": {
                "date-parts": [
                    [
                        2016,
                        8,
                        22
                    ]
                ]
            },
            "page": "83-92",
            "title": "Ciencia reproducible: ¿qué, por qué, cómo?",
            "title-short": "Ciencia reproducible",
            "type": "article-journal",
            "volume": "25"
        },
        {
            "DOI": "10.18637/jss.v036.b03",
            "URL": "http://dx.doi.org/10.18637/jss.v036.b03",
            "author": [
                {
                    "family": "Wickham",
                    "given": "Hadley"
                },
                {
                    "family": "Grolemund",
                    "given": "Garrett"
                }
            ],
            "container-title": "Journal of Statistical Software",
            "id": "wickham2010",
            "issue": "Book Review 3",
            "issued": {
                "date-parts": [
                    [
                        2010
                    ]
                ]
            },
            "language": "en",
            "title": "Graphics for Statistics and Data Analysis with<i>R</i>",
            "type": "article-journal",
            "volume": "36"
        }
    ],
    "project_biblios": []
}