{"title":"¿Qué son R, RStudio y Quarto?","markdown":{"yaml":{"title":"¿Qué son R, RStudio y Quarto?","date":"2023-01-02","categories":["reproducibilidad"],"image":"./thumbnails/thumbnail_01_R-RStudio.png","description":"En el curso usaremos 3 programas: R, RStudio y Quarto, así que la primera tarea es saber qué son y para qué sirven: conviene saber diferenciar entre ellos.\n"},"headingText":"¿Qué es R?","containsRefs":false,"markdown":"\n\n\nEn el curso usaremos R, RStudio y Quarto. Los 3 son programas de ordenador, pero son muy diferentes. Conviene diferenciarlos y saber para qué sirve cada uno. Trato de explicarlo.\n\n\nR es un programa de ordenador, una pieza de software, **pero** principalmente es un **lenguaje de programación** y un entorno para hacer estadística o ciencia de datos.\n\n\nLa [página oficial de R](https://www.r-project.org/about.html) dice que:\n\n> R is a language and environment for statistical computing and graphics.\n\n\nActualmente **R es el principal lenguaje** usado (junto con Phyton) en el **campo de la estadística y la ciencia de datos**.\n\n\nR fue creado por 2 profesores de la universidad de Auckcland: Ross Ihaka y Robert Gentleman. Algunos dicen que el nombre R viene de sus iniciales, otros piensan que se debe a que para crear R se basaron en el lenguaje S^[Un programa para hacer estadística creado en los Bell Labs por John Chambers entre otros]. Quizás se deba a las 2 cosas.\n\n\nR. Ihaka y R. Gentleman crearon R en 1993 con el objetivo de tener un programa para enseñar estadística en sus clases. En 1995 decidieron que R pasase a ser a dominio público, de forma que actualmente es un proyecto GNU con licencia GPL; es decir, es **software libre**. \n\nEn 1997 se creo un \"consejo de sabios\" (The R Core Team) para desarrollar y extender las capacidades de R. La primera versión oficial de R, la 1.0.0 vio la luz en febrero de 2000.\n\n\nActualmente el entorno R es el resultado de toda una comunidad de usuarios.\n\n\n\n::: {.callout-warning icon=\"false\" collapse=\"true\"}\n##### ¿R o Phyton?\n\nEn la actualidad, en el campo de la ciencia de datos, hay 2 alternativas, Phyton o R. De hecho hay un intenso debate sobre cual es más adecuado. Hay muchas opiniones al respecto, pero yo he seleccionado [esta](https://mchow.com/posts/data-science-cbk/) y [esta](https://blog.shotwell.ca/posts/why_i_use_r/), aunque la verdad, tampoco es necesario elegir un sólo lenguaje, [R y Phyton pueden colaborar](https://blog.rstudio.com/2019/12/17/r-vs-python-what-s-the-best-for-language-for-data-science/).\n\nR se está convirtiendo en el software estadístico de referencia en la mayoría de los centros de investigación y universidades, y su uso se está extendiendo también dentro de la empresa privada. Entre las empresas que usan R están: Google, Facebook, Twitter, Microsoft, IBM, Uber, Ford, Airbnb, American Express,  Barclays Bank, [Bank of America](https://www.r-bloggers.com/bank-of-america-uses-r-for-reporting/) y muchas otras. [Aquí](https://github.com/ThinkR-open/companies-using-r) o [aquí](https://www.listendata.com/2016/12/companies-using-r.html) puedes encontrar un listado más completo. \n\nCreo que en la actualidad R es el mejor programa para iniciarse y hacer análisis de datos. Si no me acabas de creer, o quieres leer algo sobre la importancia y capacidades de R puedes hacerlo [aquí](http://nadaesgratis.es/fernandez-villaverde/r) o [aquí](https://www.r-bloggers.com/why-r-is-the-best-data-science-language-to-learn-today/), o [aquí](https://shirinsplayground.netlify.com/2017/09/ode_to_r/) o más recientemente [aquí](https://www.eoda.de/en/wissen/blog/r-python-julia-data-science-2019). Elmo lo tiene super-claro: \n\n[![Elmo prefiere R](./imagenes/img_02.png)](https://twitter.com/minebocek/status/1174382623499661312)\n\n\nSi te gustan los rankings de lenguajes de programación, [aquí](https://redmonk.com/sogrady/2020/02/28/language-rankings-1-20/) tienes uno, de enero de 2020, en el Phyton está en segundo lugar mientras que R está en el puesto 13. Esto es lo que que se decía de R:\n\n>  In our first run of these rankings, R placed 17th. All these years later it jumps two spots from the last quarter’s edition up to #13. In the interim, it has ranked as high as 12th but mostly commonly is found in the 13-15 range. Given the language’s specialized focus, this is likely its effective ceiling, but it’s also an illustration of the remarkable popularity of a language whose usage is restricted for all intents and purposes to a single domain – those who work with and operate on data. R’s success is an example of the power of an academia-supported community to elevate a language beyond its expected threshold, and it is notable that the aforementioned growth of Python and its expansion into data analytics has not observably come at the expense of traction in R.\n\nEl ranking más actual puedes verlo [aquí](https://www.tiobe.com/tiobe-index/).\n\nPara hacerte una idea de las capacidades de R puedes visitar:\n\n- [Listado de paquetes R agrupados por temática](https://cran.r-project.org/web/views/)\n- [Awesome R learning resources](https://github.com/iamericfletcher/awesome-r-learning-resources)\n- [Awesome R](https://github.com/iamericfletcher/awesome-r-learning-resources)\n\n- [Rviews](https://rviews.rstudio.com/): un blog sobre R. cada mes promocionan 4o paquetes nuevos, por ejemplo [este](https://rviews.rstudio.com/2023/01/03/november-2022-top-40-new-cran-packages/)\n\n- [Rweekly](https://rweekly.org/): publicación semanal sobre novedades en el mundo R.\n\n- [Big Book of R](https://www.bigbookofr.com/): libro electrónico con multitud de recursos sobre R.\n \n\n¿Aprender R es complicado? No, bueno, ya hablaré de eso en clase. No mires el siguiente tweet: \n\n\n[![R is easy](./imagenes/img_01.png)](https://twitter.com/rogierK/status/730863729420701697)\n\n\n:::\n\n\n<br>\n\n## ¿Qué es RStudio?\n\nSí, es un programa de ordenador, **pero** no es un programa para hacer estadística ni es un lenguaje de programación. RStudio nos servirá para poder interactuar con R de forma más cómoda y eficiente.\n\nPara entenderlo: cuando hacemos un análisis estadístico, R es el que hace los cálculos, gráficos etc...  R lo hace todo pero le damos las ordenes a R a través de RStudio. RStudio es una interfaz para acceder a R de manera más cómoda. Técnicamente RStudio es un IDE (Integrated development environment) diseñado especialmente para R. Intuitivamente es un programa que nos facilita dar nuestras ordenes a R: si R y RStudio formasen parte de un coche, R sería el motor y Rstudio el volante y los pedales.\n\nRStudio fue [creado en 2011](https://www.rstudio.com/blog/rstudio-new-open-source-ide-for-r/) y actualmente es el entorno, o IDE, más usado para programar con R.\n\nTodavía no sabemos que es Quarto, pero RStudio nos facilita la interacción tanto con R como con Quarto. Son ellos, son R y Quarto, los que harán el \"trabajo duro\", concretamente R hará los cálculos, si es que nuestro documento/informe es de índole cuantitativo, y Quarto generará el documento final, ya sea este un tutorial, unas slides, página web, etc ...\n\nA pesar de que Quarto y R son los que generan los resultados, nosotros no veremos habitualmente a estos dos programas, porque interactuaremos con ellos a través de RStudio.\n\n\n<br>\n\n## ¿Qué es Quarto?\n\nSí, también es un programa de ordenador, por tanto tenemos que instalarlo.\n\nEs un programa sin interfaz gráfica (sin menús ni ventanas). Se maneja a través la Terminal con lineas de comandos, así que técnicamente es un programa de tipo CLI (command line interface), pero no sufras porque (casi siempre) interactuaremos con él a través de RStudio.\n\nQuarto es un programa para confeccionar documentos, documentos reproducibles. Se trata de escribir las ordenes que generan el documento en un archivo (source document) para que Quarto al procesarlo genere el documento final. Este documento final puede ser de diferentes tipos (tutoriales, informes, slides, webs, blogs, ...) y formatos (html, pdf, docx, ...).\n\nParece complicado pero enseguida verás que es easy-peasy-lemon-squeezy!!\n\n\nEn la [página oficial de Quarto](https://quarto.org/) se dice que: \n\n> Quarto® is an open-source scientific and technical publishing system built on Pandoc\n\nEs un programa de código abierto que sirve para escribir documentos (en sentido amplio) de carácter técnico y científico; y sí, usa Pandoc que es ... otro programa!!\n\nQuarto es la segunda generación de Rmarkdown (otro entorno para hacer documentos técnicos) y podemos pensar que su anuncio semi-oficial se hizo con [este post](https://www.apreshill.com/blog/2022-04-we-dont-talk-about-quarto/) de Allison Hill, aunque su presentación a la sociedad y puesta de largo fue en el congreso [rstudio::conf(2022) ](https://www.rstudio.com/blog/four-announcements-from-rstudio-conf-2022/).\n\nActualmente Quarto está en proceso de implantación por la comunidad R (pero también en las comunidades de Phyton y Julia) y es de esperar que cabe sustituyendo completamente al anterior sistema, Rmarkdown.\n\n\n::: {.callout-warning icon=\"false\" collapse=\"true\"}\n##### Un poco de historia: en un principio fueron los dinosaurios, luego Rmarkdown\n\nQuarto es la segunda generación de Rmarkdown y es el objeto de estudio del curso, así que ya lo veremos\n\nQuarto y Rmarkdown sirven para confeccionar documentos, especialmente documentos científico-técnicos. Estos documentos serán reproducibles.\n\nLa idea de documentos reproducibles viene de Literate Programming de Donald Knuth\n\n\nEn R siempre ha habido estas herramientas Sweave, pero después knitr\n:::\n","srcMarkdownNoYaml":"\n\n\nEn el curso usaremos R, RStudio y Quarto. Los 3 son programas de ordenador, pero son muy diferentes. Conviene diferenciarlos y saber para qué sirve cada uno. Trato de explicarlo.\n\n## ¿Qué es R?\n\nR es un programa de ordenador, una pieza de software, **pero** principalmente es un **lenguaje de programación** y un entorno para hacer estadística o ciencia de datos.\n\n\nLa [página oficial de R](https://www.r-project.org/about.html) dice que:\n\n> R is a language and environment for statistical computing and graphics.\n\n\nActualmente **R es el principal lenguaje** usado (junto con Phyton) en el **campo de la estadística y la ciencia de datos**.\n\n\nR fue creado por 2 profesores de la universidad de Auckcland: Ross Ihaka y Robert Gentleman. Algunos dicen que el nombre R viene de sus iniciales, otros piensan que se debe a que para crear R se basaron en el lenguaje S^[Un programa para hacer estadística creado en los Bell Labs por John Chambers entre otros]. Quizás se deba a las 2 cosas.\n\n\nR. Ihaka y R. Gentleman crearon R en 1993 con el objetivo de tener un programa para enseñar estadística en sus clases. En 1995 decidieron que R pasase a ser a dominio público, de forma que actualmente es un proyecto GNU con licencia GPL; es decir, es **software libre**. \n\nEn 1997 se creo un \"consejo de sabios\" (The R Core Team) para desarrollar y extender las capacidades de R. La primera versión oficial de R, la 1.0.0 vio la luz en febrero de 2000.\n\n\nActualmente el entorno R es el resultado de toda una comunidad de usuarios.\n\n\n\n::: {.callout-warning icon=\"false\" collapse=\"true\"}\n##### ¿R o Phyton?\n\nEn la actualidad, en el campo de la ciencia de datos, hay 2 alternativas, Phyton o R. De hecho hay un intenso debate sobre cual es más adecuado. Hay muchas opiniones al respecto, pero yo he seleccionado [esta](https://mchow.com/posts/data-science-cbk/) y [esta](https://blog.shotwell.ca/posts/why_i_use_r/), aunque la verdad, tampoco es necesario elegir un sólo lenguaje, [R y Phyton pueden colaborar](https://blog.rstudio.com/2019/12/17/r-vs-python-what-s-the-best-for-language-for-data-science/).\n\nR se está convirtiendo en el software estadístico de referencia en la mayoría de los centros de investigación y universidades, y su uso se está extendiendo también dentro de la empresa privada. Entre las empresas que usan R están: Google, Facebook, Twitter, Microsoft, IBM, Uber, Ford, Airbnb, American Express,  Barclays Bank, [Bank of America](https://www.r-bloggers.com/bank-of-america-uses-r-for-reporting/) y muchas otras. [Aquí](https://github.com/ThinkR-open/companies-using-r) o [aquí](https://www.listendata.com/2016/12/companies-using-r.html) puedes encontrar un listado más completo. \n\nCreo que en la actualidad R es el mejor programa para iniciarse y hacer análisis de datos. Si no me acabas de creer, o quieres leer algo sobre la importancia y capacidades de R puedes hacerlo [aquí](http://nadaesgratis.es/fernandez-villaverde/r) o [aquí](https://www.r-bloggers.com/why-r-is-the-best-data-science-language-to-learn-today/), o [aquí](https://shirinsplayground.netlify.com/2017/09/ode_to_r/) o más recientemente [aquí](https://www.eoda.de/en/wissen/blog/r-python-julia-data-science-2019). Elmo lo tiene super-claro: \n\n[![Elmo prefiere R](./imagenes/img_02.png)](https://twitter.com/minebocek/status/1174382623499661312)\n\n\nSi te gustan los rankings de lenguajes de programación, [aquí](https://redmonk.com/sogrady/2020/02/28/language-rankings-1-20/) tienes uno, de enero de 2020, en el Phyton está en segundo lugar mientras que R está en el puesto 13. Esto es lo que que se decía de R:\n\n>  In our first run of these rankings, R placed 17th. All these years later it jumps two spots from the last quarter’s edition up to #13. In the interim, it has ranked as high as 12th but mostly commonly is found in the 13-15 range. Given the language’s specialized focus, this is likely its effective ceiling, but it’s also an illustration of the remarkable popularity of a language whose usage is restricted for all intents and purposes to a single domain – those who work with and operate on data. R’s success is an example of the power of an academia-supported community to elevate a language beyond its expected threshold, and it is notable that the aforementioned growth of Python and its expansion into data analytics has not observably come at the expense of traction in R.\n\nEl ranking más actual puedes verlo [aquí](https://www.tiobe.com/tiobe-index/).\n\nPara hacerte una idea de las capacidades de R puedes visitar:\n\n- [Listado de paquetes R agrupados por temática](https://cran.r-project.org/web/views/)\n- [Awesome R learning resources](https://github.com/iamericfletcher/awesome-r-learning-resources)\n- [Awesome R](https://github.com/iamericfletcher/awesome-r-learning-resources)\n\n- [Rviews](https://rviews.rstudio.com/): un blog sobre R. cada mes promocionan 4o paquetes nuevos, por ejemplo [este](https://rviews.rstudio.com/2023/01/03/november-2022-top-40-new-cran-packages/)\n\n- [Rweekly](https://rweekly.org/): publicación semanal sobre novedades en el mundo R.\n\n- [Big Book of R](https://www.bigbookofr.com/): libro electrónico con multitud de recursos sobre R.\n \n\n¿Aprender R es complicado? No, bueno, ya hablaré de eso en clase. No mires el siguiente tweet: \n\n\n[![R is easy](./imagenes/img_01.png)](https://twitter.com/rogierK/status/730863729420701697)\n\n\n:::\n\n\n<br>\n\n## ¿Qué es RStudio?\n\nSí, es un programa de ordenador, **pero** no es un programa para hacer estadística ni es un lenguaje de programación. RStudio nos servirá para poder interactuar con R de forma más cómoda y eficiente.\n\nPara entenderlo: cuando hacemos un análisis estadístico, R es el que hace los cálculos, gráficos etc...  R lo hace todo pero le damos las ordenes a R a través de RStudio. RStudio es una interfaz para acceder a R de manera más cómoda. Técnicamente RStudio es un IDE (Integrated development environment) diseñado especialmente para R. Intuitivamente es un programa que nos facilita dar nuestras ordenes a R: si R y RStudio formasen parte de un coche, R sería el motor y Rstudio el volante y los pedales.\n\nRStudio fue [creado en 2011](https://www.rstudio.com/blog/rstudio-new-open-source-ide-for-r/) y actualmente es el entorno, o IDE, más usado para programar con R.\n\nTodavía no sabemos que es Quarto, pero RStudio nos facilita la interacción tanto con R como con Quarto. Son ellos, son R y Quarto, los que harán el \"trabajo duro\", concretamente R hará los cálculos, si es que nuestro documento/informe es de índole cuantitativo, y Quarto generará el documento final, ya sea este un tutorial, unas slides, página web, etc ...\n\nA pesar de que Quarto y R son los que generan los resultados, nosotros no veremos habitualmente a estos dos programas, porque interactuaremos con ellos a través de RStudio.\n\n\n<br>\n\n## ¿Qué es Quarto?\n\nSí, también es un programa de ordenador, por tanto tenemos que instalarlo.\n\nEs un programa sin interfaz gráfica (sin menús ni ventanas). Se maneja a través la Terminal con lineas de comandos, así que técnicamente es un programa de tipo CLI (command line interface), pero no sufras porque (casi siempre) interactuaremos con él a través de RStudio.\n\nQuarto es un programa para confeccionar documentos, documentos reproducibles. Se trata de escribir las ordenes que generan el documento en un archivo (source document) para que Quarto al procesarlo genere el documento final. Este documento final puede ser de diferentes tipos (tutoriales, informes, slides, webs, blogs, ...) y formatos (html, pdf, docx, ...).\n\nParece complicado pero enseguida verás que es easy-peasy-lemon-squeezy!!\n\n\nEn la [página oficial de Quarto](https://quarto.org/) se dice que: \n\n> Quarto® is an open-source scientific and technical publishing system built on Pandoc\n\nEs un programa de código abierto que sirve para escribir documentos (en sentido amplio) de carácter técnico y científico; y sí, usa Pandoc que es ... otro programa!!\n\nQuarto es la segunda generación de Rmarkdown (otro entorno para hacer documentos técnicos) y podemos pensar que su anuncio semi-oficial se hizo con [este post](https://www.apreshill.com/blog/2022-04-we-dont-talk-about-quarto/) de Allison Hill, aunque su presentación a la sociedad y puesta de largo fue en el congreso [rstudio::conf(2022) ](https://www.rstudio.com/blog/four-announcements-from-rstudio-conf-2022/).\n\nActualmente Quarto está en proceso de implantación por la comunidad R (pero también en las comunidades de Phyton y Julia) y es de esperar que cabe sustituyendo completamente al anterior sistema, Rmarkdown.\n\n\n::: {.callout-warning icon=\"false\" collapse=\"true\"}\n##### Un poco de historia: en un principio fueron los dinosaurios, luego Rmarkdown\n\nQuarto es la segunda generación de Rmarkdown y es el objeto de estudio del curso, así que ya lo veremos\n\nQuarto y Rmarkdown sirven para confeccionar documentos, especialmente documentos científico-técnicos. Estos documentos serán reproducibles.\n\nLa idea de documentos reproducibles viene de Literate Programming de Donald Knuth\n\n\nEn R siempre ha habido estas herramientas Sweave, pero después knitr\n:::\n"},"formats":{"html":{"identifier":{"display-name":"HTML","target-format":"html","base-format":"html"},"execute":{"fig-width":7,"fig-height":5,"fig-format":"retina","fig-dpi":96,"df-print":"default","error":false,"eval":true,"cache":true,"freeze":true,"echo":true,"output":true,"warning":false,"include":true,"keep-md":false,"keep-ipynb":false,"ipynb":null,"enabled":null,"daemon":null,"daemon-restart":false,"debug":false,"ipynb-filters":[],"ipynb-shell-interactivity":null,"plotly-connected":true,"message":false,"engine":"markdown"},"render":{"keep-tex":false,"keep-typ":false,"keep-source":false,"keep-hidden":false,"prefer-html":false,"output-divs":true,"output-ext":"html","fig-align":"default","fig-pos":null,"fig-env":null,"code-fold":"show","code-overflow":"wrap","code-link":true,"code-line-numbers":true,"code-tools":false,"tbl-colwidths":"auto","merge-includes":true,"inline-includes":false,"preserve-yaml":false,"latex-auto-mk":true,"latex-auto-install":true,"latex-clean":true,"latex-min-runs":1,"latex-max-runs":10,"latex-makeindex":"makeindex","latex-makeindex-opts":[],"latex-tlmgr-opts":[],"latex-input-paths":[],"latex-output-dir":null,"link-external-icon":false,"link-external-newwindow":false,"self-contained-math":false,"format-resources":[],"notebook-links":true},"pandoc":{"standalone":true,"wrap":"none","default-image-extension":"png","to":"html","embed-resources":true,"highlight-style":"monochrome","css":["../assets/styles.css"],"toc":true,"output-file":"02_que-es-quarto.html"},"language":{"toc-title-document":"Indice de contenidos","toc-title-website":"En esta página","related-formats-title":"Otros formatos","related-notebooks-title":"Notebooks","source-notebooks-prefix":"Fuente","other-links-title":"Otros Enlaces","code-links-title":"Enlaces de código","launch-dev-container-title":"Iniciar Dev Container","launch-binder-title":"Iniciar Binder","article-notebook-label":"Cuaderno de Artículo","notebook-preview-download":"Descargar Cuaderno","notebook-preview-download-src":"Descargar código fuente","notebook-preview-back":"Volver al Artículo","manuscript-meca-bundle":"Archivo MECA","section-title-abstract":"Resumen","section-title-appendices":"Apéndices","section-title-footnotes":"Notas","section-title-references":"Referencias","section-title-reuse":"Reutilizar","section-title-copyright":"Derechos de autor","section-title-citation":"Cita","appendix-attribution-cite-as":"Por favor cita este trabajo como:","appendix-attribution-bibtex":"BibTeX","title-block-author-single":"Autor","title-block-author-plural":"Autores/as","title-block-affiliation-single":"Afiliación","title-block-affiliation-plural":"Afiliaciones","title-block-published":"Fecha de Publicación","title-block-modified":"Fecha de modificación","title-block-keywords":"Palabras clave","callout-tip-title":"Tip","callout-note-title":"Nota","callout-warning-title":"Advertencia","callout-important-title":"Importante","callout-caution-title":"Precaución","code-summary":"Código","code-tools-menu-caption":"Código","code-tools-show-all-code":"Enseñar el código","code-tools-hide-all-code":"Esconder el código","code-tools-view-source":"Ver el código","code-tools-source-code":"Ejecutar el código","tools-share":"Compartir","tools-download":"Descargar","code-line":"Línea","code-lines":"Líneas","copy-button-tooltip":"Copiar al portapapeles","copy-button-tooltip-success":"Copiada","repo-action-links-edit":"Editar esta página","repo-action-links-source":"Ver el código","repo-action-links-issue":"Informar de un problema","back-to-top":"Volver arriba","search-no-results-text":"Sin resultados","search-matching-documents-text":"documentos encontrados","search-copy-link-title":"Copiar el enlace en la busqueda","search-hide-matches-text":"Esconder resultados adicionales","search-more-match-text":"hay más resultados en este documento","search-more-matches-text":"más resultados en este documento","search-clear-button-title":"Borrar","search-text-placeholder":"","search-detached-cancel-button-title":"Cancelar","search-submit-button-title":"Enviar","search-label":"Buscar","toggle-section":"Alternar sección","toggle-sidebar":"Alternar barra lateral","toggle-dark-mode":"Alternar modo oscuro","toggle-reader-mode":"Alternar modo lector","toggle-navigation":"Navegación de palanca","crossref-fig-title":"Figura","crossref-tbl-title":"Tabla","crossref-lst-title":"Listado","crossref-thm-title":"Teorema","crossref-lem-title":"Lema","crossref-cor-title":"Corolario","crossref-prp-title":"Proposición","crossref-cnj-title":"Conjetura","crossref-def-title":"Definición","crossref-exm-title":"Ejemplo","crossref-exr-title":"Ejercicio","crossref-ch-prefix":"Capítulo","crossref-apx-prefix":"Apéndice","crossref-sec-prefix":"Sección","crossref-eq-prefix":"Ecuación","crossref-lof-title":"Listado de Figuras","crossref-lot-title":"Listado de Tablas","crossref-lol-title":"Listado de Listados","environment-proof-title":"Prueba","environment-remark-title":"Observación","environment-solution-title":"Solución","listing-page-order-by":"Ordenar por","listing-page-order-by-default":"Pre-seleccionado","listing-page-order-by-date-asc":"Menos reciente","listing-page-order-by-date-desc":"Más reciente","listing-page-order-by-number-desc":"Número de mayor a menor","listing-page-order-by-number-asc":"Número de menor a mayor","listing-page-field-date":"Fecha","listing-page-field-title":"Título","listing-page-field-description":"Descripción","listing-page-field-author":"Autor/a","listing-page-field-filename":"Nombre de Archivo","listing-page-field-filemodified":"Fecha de modificación","listing-page-field-subtitle":"Sub-título","listing-page-field-readingtime":"Tiempo para completar lectura","listing-page-field-wordcount":"Conteo de Palabras","listing-page-field-categories":"Categorías","listing-page-minutes-compact":"{0} minutos","listing-page-category-all":"Todas","listing-page-no-matches":"No hay resultados","listing-page-words":"{0} palabras"},"metadata":{"lang":"es","fig-responsive":true,"quarto-version":"1.4.554","page-layout":"full","theme":["cosmo"],"code-copy":true,"title":"¿Qué son R, RStudio y Quarto?","date":"2023-01-02","categories":["reproducibilidad"],"image":"./thumbnails/thumbnail_01_R-RStudio.png","description":"En el curso usaremos 3 programas: R, RStudio y Quarto, así que la primera tarea es saber qué son y para qué sirven: conviene saber diferenciar entre ellos.\n"},"extensions":{"book":{"multiFile":true}}}},"projectFormats":["html"]}