{"title":"Blog actual","markdown":{"yaml":{"toc":true},"headingText":"Blog actual","containsRefs":false,"markdown":"\n\n::: {.callout-important appearance=\"minimal\" icon=\"false\"}\n**No soy bloguero**, pero llevo ya unos cuantos blogs: me sirve, entre otras cosas, para aprender sobre R, programación y tecnología en general.\n:::\n\n<br>\n\n\n-   [R & flowers, 2024](https://perezp44.github.io/Rflowers.2024/){target=\"_blank\"}. En realidad tiene 2 blogs: [R & flowers](https://perezp44.github.io/Rflowers.2024/blog_Rflowers.html) y [TBits](https://perezp44.github.io/Rflowers.2024/blog_TBits.html). \n\n<br>\n\n## Blog's cerrados\n\nA pesar de que no soy bloguero, soy más bien un creador y **liquidador de blogs**; llevo ya unos cuantos. Por ejemplo:\n\n-   [2015, R & flowers](http://perezp44.github.io/){target=\"_blank\"} , con Jekyll\n\n-   [2018, R & flowers V](https://rflowers5.netlify.app/){target=\"_blank\"}, con Hugo y blogdown\n\n-   [2020, R & flowers (o casi)](https://perezp44.github.io/my_blog_R-flowers-0.1.3/){target=\"_blank\"}, con radix\n\n-   [2021, pedro.j.perez blog's](https://perezp44.github.io/pjperez.web/){target=\"_blank\"}, con Distill. En realidad tiene 2 blog's: [este](https://perezp44.github.io/pjperez.web/01_blog.html){target=\"_blank\"} y [este](https://perezp44.github.io/pjperez.web/02_Rflowers.html){target=\"_blank\"}\n\n-   [2022, R & flowers](https://perezp44.github.io/pjperez.blog.2022/){target=\"_blank\"}, con Quarto. Lo hice rápidamente para probar Quarto y allí se quedó *frozen* con una foto de uno de mis hijos 😃\n\n<br>\n\n## Otros \"blog's\"\n\nAlgunos de mis cursos tienen, como un recurso docente más, un blog. Por ejemplo:\n\n-   [Blog asociado al curso de Introducción a Quarto](https://perezp44.github.io/intro.to.quarto/blog.html){target=\"_blank\"}\n\n-   [Blog del Taller \"Mi primer blog con Quarto\"](https://perezp44.github.io/taller.primer.blog/blog.html){target=\"_blank\"}\n","srcMarkdownNoYaml":"\n\n::: {.callout-important appearance=\"minimal\" icon=\"false\"}\n**No soy bloguero**, pero llevo ya unos cuantos blogs: me sirve, entre otras cosas, para aprender sobre R, programación y tecnología en general.\n:::\n\n<br>\n\n## Blog actual\n\n-   [R & flowers, 2024](https://perezp44.github.io/Rflowers.2024/){target=\"_blank\"}. En realidad tiene 2 blogs: [R & flowers](https://perezp44.github.io/Rflowers.2024/blog_Rflowers.html) y [TBits](https://perezp44.github.io/Rflowers.2024/blog_TBits.html). \n\n<br>\n\n## Blog's cerrados\n\nA pesar de que no soy bloguero, soy más bien un creador y **liquidador de blogs**; llevo ya unos cuantos. Por ejemplo:\n\n-   [2015, R & flowers](http://perezp44.github.io/){target=\"_blank\"} , con Jekyll\n\n-   [2018, R & flowers V](https://rflowers5.netlify.app/){target=\"_blank\"}, con Hugo y blogdown\n\n-   [2020, R & flowers (o casi)](https://perezp44.github.io/my_blog_R-flowers-0.1.3/){target=\"_blank\"}, con radix\n\n-   [2021, pedro.j.perez blog's](https://perezp44.github.io/pjperez.web/){target=\"_blank\"}, con Distill. En realidad tiene 2 blog's: [este](https://perezp44.github.io/pjperez.web/01_blog.html){target=\"_blank\"} y [este](https://perezp44.github.io/pjperez.web/02_Rflowers.html){target=\"_blank\"}\n\n-   [2022, R & flowers](https://perezp44.github.io/pjperez.blog.2022/){target=\"_blank\"}, con Quarto. Lo hice rápidamente para probar Quarto y allí se quedó *frozen* con una foto de uno de mis hijos 😃\n\n<br>\n\n## Otros \"blog's\"\n\nAlgunos de mis cursos tienen, como un recurso docente más, un blog. Por ejemplo:\n\n-   [Blog asociado al curso de Introducción a Quarto](https://perezp44.github.io/intro.to.quarto/blog.html){target=\"_blank\"}\n\n-   [Blog del Taller \"Mi primer blog con Quarto\"](https://perezp44.github.io/taller.primer.blog/blog.html){target=\"_blank\"}\n"},"formats":{"html":{"identifier":{"display-name":"HTML","target-format":"html","base-format":"html"},"execute":{"fig-width":7,"fig-height":5,"fig-format":"retina","fig-dpi":96,"df-print":"default","error":false,"eval":true,"cache":true,"freeze":true,"echo":true,"output":true,"warning":false,"include":true,"keep-md":false,"keep-ipynb":false,"ipynb":null,"enabled":null,"daemon":null,"daemon-restart":false,"debug":false,"ipynb-filters":[],"ipynb-shell-interactivity":null,"plotly-connected":true,"message":false,"engine":"markdown"},"render":{"keep-tex":false,"keep-typ":false,"keep-source":false,"keep-hidden":false,"prefer-html":false,"output-divs":true,"output-ext":"html","fig-align":"default","fig-pos":null,"fig-env":null,"code-fold":"show","code-overflow":"wrap","code-link":true,"code-line-numbers":true,"code-tools":false,"tbl-colwidths":"auto","merge-includes":true,"inline-includes":false,"preserve-yaml":false,"latex-auto-mk":true,"latex-auto-install":true,"latex-clean":true,"latex-min-runs":1,"latex-max-runs":10,"latex-makeindex":"makeindex","latex-makeindex-opts":[],"latex-tlmgr-opts":[],"latex-input-paths":[],"latex-output-dir":null,"link-external-icon":false,"link-external-newwindow":false,"self-contained-math":false,"format-resources":[],"notebook-links":true},"pandoc":{"standalone":true,"wrap":"none","default-image-extension":"png","to":"html","embed-resources":true,"highlight-style":"monochrome","css":["assets/styles.css"],"toc":true,"output-file":"otras-cosas.html"},"language":{"toc-title-document":"Indice de contenidos","toc-title-website":"En esta página","related-formats-title":"Otros formatos","related-notebooks-title":"Notebooks","source-notebooks-prefix":"Fuente","other-links-title":"Otros Enlaces","code-links-title":"Enlaces de código","launch-dev-container-title":"Iniciar Dev Container","launch-binder-title":"Iniciar Binder","article-notebook-label":"Cuaderno de Artículo","notebook-preview-download":"Descargar Cuaderno","notebook-preview-download-src":"Descargar código fuente","notebook-preview-back":"Volver al Artículo","manuscript-meca-bundle":"Archivo MECA","section-title-abstract":"Resumen","section-title-appendices":"Apéndices","section-title-footnotes":"Notas","section-title-references":"Referencias","section-title-reuse":"Reutilizar","section-title-copyright":"Derechos de autor","section-title-citation":"Cita","appendix-attribution-cite-as":"Por favor cita este trabajo como:","appendix-attribution-bibtex":"BibTeX","title-block-author-single":"Autor","title-block-author-plural":"Autores/as","title-block-affiliation-single":"Afiliación","title-block-affiliation-plural":"Afiliaciones","title-block-published":"Fecha de Publicación","title-block-modified":"Fecha de modificación","title-block-keywords":"Palabras clave","callout-tip-title":"Tip","callout-note-title":"Nota","callout-warning-title":"Advertencia","callout-important-title":"Importante","callout-caution-title":"Precaución","code-summary":"Código","code-tools-menu-caption":"Código","code-tools-show-all-code":"Enseñar el código","code-tools-hide-all-code":"Esconder el código","code-tools-view-source":"Ver el código","code-tools-source-code":"Ejecutar el código","tools-share":"Compartir","tools-download":"Descargar","code-line":"Línea","code-lines":"Líneas","copy-button-tooltip":"Copiar al portapapeles","copy-button-tooltip-success":"Copiada","repo-action-links-edit":"Editar esta página","repo-action-links-source":"Ver el código","repo-action-links-issue":"Informar de un problema","back-to-top":"Volver arriba","search-no-results-text":"Sin resultados","search-matching-documents-text":"documentos encontrados","search-copy-link-title":"Copiar el enlace en la busqueda","search-hide-matches-text":"Esconder resultados adicionales","search-more-match-text":"hay más resultados en este documento","search-more-matches-text":"más resultados en este documento","search-clear-button-title":"Borrar","search-text-placeholder":"","search-detached-cancel-button-title":"Cancelar","search-submit-button-title":"Enviar","search-label":"Buscar","toggle-section":"Alternar sección","toggle-sidebar":"Alternar barra lateral","toggle-dark-mode":"Alternar modo oscuro","toggle-reader-mode":"Alternar modo lector","toggle-navigation":"Navegación de palanca","crossref-fig-title":"Figura","crossref-tbl-title":"Tabla","crossref-lst-title":"Listado","crossref-thm-title":"Teorema","crossref-lem-title":"Lema","crossref-cor-title":"Corolario","crossref-prp-title":"Proposición","crossref-cnj-title":"Conjetura","crossref-def-title":"Definición","crossref-exm-title":"Ejemplo","crossref-exr-title":"Ejercicio","crossref-ch-prefix":"Capítulo","crossref-apx-prefix":"Apéndice","crossref-sec-prefix":"Sección","crossref-eq-prefix":"Ecuación","crossref-lof-title":"Listado de Figuras","crossref-lot-title":"Listado de Tablas","crossref-lol-title":"Listado de Listados","environment-proof-title":"Prueba","environment-remark-title":"Observación","environment-solution-title":"Solución","listing-page-order-by":"Ordenar por","listing-page-order-by-default":"Pre-seleccionado","listing-page-order-by-date-asc":"Menos reciente","listing-page-order-by-date-desc":"Más reciente","listing-page-order-by-number-desc":"Número de mayor a menor","listing-page-order-by-number-asc":"Número de menor a mayor","listing-page-field-date":"Fecha","listing-page-field-title":"Título","listing-page-field-description":"Descripción","listing-page-field-author":"Autor/a","listing-page-field-filename":"Nombre de Archivo","listing-page-field-filemodified":"Fecha de modificación","listing-page-field-subtitle":"Sub-título","listing-page-field-readingtime":"Tiempo para completar lectura","listing-page-field-wordcount":"Conteo de Palabras","listing-page-field-categories":"Categorías","listing-page-minutes-compact":"{0} minutos","listing-page-category-all":"Todas","listing-page-no-matches":"No hay resultados","listing-page-words":"{0} palabras"},"metadata":{"lang":"es","fig-responsive":true,"quarto-version":"1.4.554","page-layout":"full","theme":["cosmo"],"code-copy":true},"extensions":{"book":{"multiFile":true}}}},"projectFormats":["html"]}